Year,dummy2020,AN Conference,Sentiment_conf,Conference,Week_Index,Mentions_conf,conflosing%total,WeeklyConfWinPCTTotal,Total Games Played,Total Count of wins,Total count of losses,total points for,total points against,total point difference,Conflosing%nonconf,WeeklyConfWinPCTinNonConfGames,non conference games played,total count of non conference wins,count of non conference losses,points for non conference,points against non conference,point difference non conference,conference games played,count of conference wins,count of conference losses,points for in conference,points against in conference,point difference in conference,games vs power five,wins vs power five,losses vs power five,points for vs power five,points against vs power five ,point difference vs power five,games vs FCS,wins vs FCS,losses vs FCS,points for vs FCS,points against vs FCS,point difference vs FCS
2019,0,ACCW1,65,ACC,1,10646,0.466666667,0.533333333,15,8,7,399,388,11,0.428571429,0.571428571,7,4,3,174,163,11,8,4,4,225,225,0,11,5,6,272,311,-39,0,0,0,0,0,0.0
2019,0,ACCW2,33,ACC,2,10395,0.142857143,0.857142857,14,12,2,473,271,202,,0.916666667,12,11,1,420,218,202,2,1,1,53,53,0,4,2,2,97,126,-29,5,5,0,225,43,182.0
2019,0,ACCW3,63,ACC,3,9445,0.466666667,0.533333333,15,8,7,461,350,111,,0.555555556,9,5,4,317,206,111,6,3,3,144,144,0,9,3,6,205,253,-48,3,2,1,111,44,67.0
2019,0,ACCW4,50,ACC,4,6990,0.25,0.75,12,9,3,404,268,136,,0.8,10,8,2,345,209,136,2,1,1,59,59,0,4,2,2,106,98,8,1,1,0,49,7,42.0
2019,0,ACCW5,65,ACC,5,7643,0.461538462,0.538461538,13,7,6,306,287,19,,0.666666667,3,2,1,60,41,19,10,5,5,246,246,0,10,5,5,246,246,0,2,2,0,58,17,41.0
2019,0,ACCW6,58,ACC,6,5759,0.444444444,0.555555556,9,5,4,332,280,52,,1.0,1,1,0,52,0,52,8,4,4,280,280,0,8,4,4,280,280,0,0,0,0,0,0,0.0
2019,0,ACCW7,62,ACC,7,5682,0.25,0.75,12,9,3,404,268,136,,0.8,10,8,2,345,209,136,2,1,1,59,59,0,4,2,2,106,98,8,1,1,0,49,7,42.0
2019,0,ACCW8,60,ACC,8,6218,0.5,0.5,14,7,7,408,408,0,,,0,0,0,0,0,0,14,7,7,408,408,0,14,7,7,408,408,0,0,0,0,0,0,0.0
2019,0,ACCW9,31,ACC,9,7529,0.545454545,0.454545455,11,5,6,246,277,-31,,0.0,1,0,1,14,45,-31,10,5,5,232,232,0,11,5,6,246,277,-31,0,0,0,0,0,0.0
2019,0,ACCW10,31,ACC,10,7169,0.461538462,0.538461538,13,7,6,375,330,45,,1.0,1,1,0,59,14,45,12,6,6,316,316,0,12,6,6,316,316,0,1,1,0,59,14,45.0
2019,0,ACCW11,39,ACC,11,8185,0.5,0.5,12,6,6,372,372,0,,,0,0,0,0,0,0,12,6,6,372,372,0,12,6,6,372,372,0,0,0,0,0,0,0.0
2019,0,ACCW12,69,ACC,12,6623,0.416666667,0.583333333,12,7,5,371,302,69,,1.0,2,2,0,101,32,69,10,5,5,270,270,0,10,5,5,270,270,0,1,1,0,49,12,37.0
2019,0,ACCW13,38,ACC,13,6367,0.461538462,0.538461538,13,7,6,420,349,71,,0.666666667,3,2,1,135,64,71,10,5,5,285,285,0,10,5,5,285,285,0,1,1,0,56,7,49.0
2019,0,ACCW14,46,ACC,14,7171,0.533333333,0.466666667,15,7,8,398,442,-44,,0.4,5,2,3,120,164,-44,10,5,5,278,278,0,15,7,8,398,442,-44,0,0,0,0,0,0.0
2019,0,ACCW15,63,ACC,15,5895,0.5,0.5,2,1,1,79,79,0,,,0,0,0,0,0,0,2,1,1,79,79,0,2,1,1,79,79,0,0,0,0,0,0,0.0
2019,0,ACCW16,75,ACC,16,5860,,,0,0,0,0,0,0,,,0,0,0,0,0,0,0,0,0,0,0,0,0,0,0,0,0,0,0,0,0,0,0,0.0
2019,0,ACCW17,88,ACC,17,5935,,,0,0,0,0,0,0,,,0,0,0,0,0,0,0,0,0,0,0,0,0,0,0,0,0,0,0,0,0,0,0,0.0
2019,0,ACCW18,46,ACC,18,6300,0.375,0.625,8,5,3,238,180,58,,0.625,8,5,3,238,180,58,0,0,0,0,0,0,5,3,2,149,123,26,0,0,0,0,0,0.0
2019,0,ACCW19,8,ACC,19,11534,1.0,0.0,3,0,3,50,95,-45,,0.0,3,0,3,50,95,-45,0,0,0,0,0,0,2,0,2,44,57,-13,0,0,0,0,0,0.0
2019,0,ACCW20,49,ACC,20,4149,1.0,0.0,1,0,1,25,42,-17,,0.0,1,0,1,25,42,-17,0,0,0,0,0,0,1,0,1,25,42,-17,0,0,0,0,0,0.0
2019,0,Big10W1,65,Big10,1,19024,0.142857143,0.857142857,14,12,2,583,211,372,,0.857142857,14,12,2,583,211,372,0,0,0,0,0,0,1,0,1,7,17,-10,3,3,0,186,28,158.0
2019,0,Big10W2,60,Big10,2,13295,0.153846154,0.846153846,13,11,2,510,217,293,,0.909090909,11,10,1,480,187,293,2,1,1,30,30,0,5,3,2,166,108,58,1,1,0,52,0,52.0
2019,0,Big10W3,47,Big10,3,10511,0.454545455,0.545454545,11,6,5,273,240,33,,0.555555556,9,5,4,212,179,33,2,1,1,61,61,0,6,3,3,116,132,-16,0,0,0,0,0,0.0
2019,0,Big10W4,-8,Big10,4,16074,0.444444444,0.555555556,9,5,4,300,208,92,,0.666666667,3,2,1,130,38,92,6,3,3,170,170,0,7,3,4,186,200,-14,0,0,0,0,0,0.0
2019,0,Big10W5,41,Big10,5,13131,0.461538462,0.538461538,13,7,6,393,348,45,,1.0,1,1,0,48,3,45,12,6,6,345,345,0,12,6,6,345,345,0,0,0,0,0,0,0.0
2019,0,Big10W6,54,Big10,6,13480,0.461538462,0.538461538,13,7,6,282,234,48,,1.0,1,1,0,48,0,48,12,6,6,234,234,0,12,6,6,234,234,0,0,0,0,0,0,0.0
2019,0,Big10W7,27,Big10,7,12410,0.444444444,0.555555556,9,5,4,300,208,92,,0.666666667,3,2,1,130,38,92,6,3,3,170,170,0,7,3,4,186,200,-14,0,0,0,0,0,0.0
2019,0,Big10W8,22,Big10,8,12882,0.5,0.5,12,6,6,308,308,0,,,0,0,0,0,0,0,12,6,6,308,308,0,12,6,6,308,308,0,0,0,0,0,0,0.0
2019,0,Big10W9,45,Big10,9,12098,0.428571429,0.571428571,14,8,6,350,309,41,,1.0,2,2,0,89,48,41,12,6,6,261,261,0,12,6,6,261,261,0,0,0,0,0,0,0.0
2019,0,Big10W10,34,Big10,10,9682,0.5,0.5,8,4,4,188,188,0,,,0,0,0,0,0,0,8,4,4,188,188,0,8,4,4,188,188,0,0,0,0,0,0,0.0
2019,0,Big10W11,65,Big10,11,13612,0.5,0.5,10,5,5,307,307,0,,,0,0,0,0,0,0,10,5,5,307,307,0,10,5,5,307,307,0,0,0,0,0,0,0.0
2019,0,Big10W12,62,Big10,12,11057,0.454545455,0.545454545,11,6,5,337,298,39,,1.0,1,1,0,45,6,39,10,5,5,292,292,0,10,5,5,292,292,0,0,0,0,0,0,0.0
2019,0,Big10W13,50,Big10,13,11025,0.5,0.5,14,7,7,344,344,0,,,0,0,0,0,0,0,14,7,7,344,344,0,14,7,7,344,344,0,0,0,0,0,0,0.0
2019,0,Big10W14,32,Big10,14,19437,0.5,0.5,14,7,7,381,381,0,,,0,0,0,0,0,0,14,7,7,381,381,0,14,7,7,381,381,0,0,0,0,0,0,0.0
2019,0,Big10W15,57,Big10,15,15198,0.5,0.5,2,1,1,55,55,0,,,0,0,0,0,0,0,2,1,1,55,55,0,2,1,1,55,55,0,0,0,0,0,0,0.0
2019,0,Big10W16,47,Big10,16,10692,,,0,0,0,0,0,0,,,0,0,0,0,0,0,0,0,0,0,0,0,0,0,0,0,0,0,0,0,0,0,0,0.0
2019,0,Big10W17,23,Big10,17,12018,,,0,0,0,0,0,0,,,0,0,0,0,0,0,0,0,0,0,0,0,0,0,0,0,0,0,0,0,0,0,0,0.0
2019,0,Big10W18,69,Big10,18,9169,0.4,0.6,5,3,2,172,148,24,,0.6,5,3,2,172,148,24,0,0,0,0,0,0,4,2,2,119,109,10,0,0,0,0,0,0.0
2019,0,Big10W19,22,Big10,19,17191,0.75,0.25,4,1,3,96,110,-14,,0.25,4,1,3,96,110,-14,0,0,0,0,0,0,4,1,3,96,110,-14,0,0,0,0,0,0.0
2019,0,Big10W20,48,Big10,20,4431,,,0,0,0,0,0,0,,,0,0,0,0,0,0,0,0,0,0,0,0,0,0,0,0,0,0,0,0,0,0,0,0.0
2019,0,Big12W1,69,Big12,1,16140,0.0,1.0,10,10,0,408,185,223,,1.0,10,10,0,408,185,223,0,0,0,0,0,0,1,1,0,52,36,16,7,7,0,262,104,158.0
2019,0,Big12W2,57,Big12,2,13941,0.375,0.625,8,5,3,331,140,191,,0.625,8,5,3,331,140,191,0,0,0,0,0,0,2,0,2,45,83,-38,2,2,0,126,28,98.0
2019,0,Big12W3,47,Big12,3,16005,0.222222222,0.777777778,9,7,2,324,182,142,,0.777777778,9,7,2,324,182,142,0,0,0,0,0,0,7,5,2,236,148,88,0,0,0,0,0,0.0
2019,0,Big12W4,44,Big12,4,14435,0.428571429,0.571428571,7,4,3,250,193,57,,0.666666667,3,2,1,131,74,57,4,2,2,119,119,0,4,2,2,119,119,0,0,0,0,0,0,0.0
2019,0,Big12W5,30,Big12,5,9708,0.5,0.5,8,4,4,219,219,0,,,0,0,0,0,0,0,8,4,4,219,219,0,8,4,4,219,219,0,0,0,0,0,0,0.0
2019,0,Big12W6,50,Big12,6,11272,0.5,0.5,10,5,5,334,334,0,,,0,0,0,0,0,0,10,5,5,334,334,0,10,5,5,334,334,0,0,0,0,0,0,0.0
2019,0,Big12W7,47,Big12,7,10372,0.428571429,0.571428571,7,4,3,250,193,57,,0.666666667,3,2,1,131,74,57,4,2,2,119,119,0,4,2,2,119,119,0,0,0,0,0,0,0.0
2019,0,Big12W8,43,Big12,8,7528,0.5,0.5,10,5,5,335,335,0,,,0,0,0,0,0,0,10,5,5,335,335,0,10,5,5,335,335,0,0,0,0,0,0,0.0
2019,0,Big12W9,46,Big12,9,9349,0.5,0.5,8,4,4,285,285,0,,,0,0,0,0,0,0,8,4,4,285,285,0,8,4,4,285,285,0,0,0,0,0,0,0.0
2019,0,Big12W10,21,Big12,10,8175,0.5,0.5,6,3,3,140,140,0,,,0,0,0,0,0,0,6,3,3,140,140,0,6,3,3,140,140,0,0,0,0,0,0,0.0
2019,0,Big12W11,39,Big12,11,8904,0.5,0.5,8,4,4,241,241,0,,,0,0,0,0,0,0,8,4,4,241,241,0,8,4,4,241,241,0,0,0,0,0,0,0.0
2019,0,Big12W12,23,Big12,12,8444,0.5,0.5,10,5,5,261,261,0,,,0,0,0,0,0,0,10,5,5,261,261,0,10,5,5,261,261,0,0,0,0,0,0,0.0
2019,0,Big12W13,56,Big12,13,7906,0.5,0.5,10,5,5,248,248,0,,,0,0,0,0,0,0,10,5,5,248,248,0,10,5,5,248,248,0,0,0,0,0,0,0.0
2019,0,Big12W14,50,Big12,14,10110,0.5,0.5,10,5,5,271,271,0,,,0,0,0,0,0,0,10,5,5,271,271,0,10,5,5,271,271,0,0,0,0,0,0,0.0
2019,0,Big12W15,56,Big12,15,6887,0.5,0.5,2,1,1,53,53,0,,,0,0,0,0,0,0,2,1,1,53,53,0,2,1,1,53,53,0,0,0,0,0,0,0.0
2019,0,Big12W16,63,Big12,16,5023,,,0,0,0,0,0,0,,,0,0,0,0,0,0,0,0,0,0,0,0,0,0,0,0,0,0,0,0,0,0,0,0.0
2019,0,Big12W17,80,Big12,17,7558,,,0,0,0,0,0,0,,,0,0,0,0,0,0,0,0,0,0,0,0,0,0,0,0,0,0,0,0,0,0,0,0.0
2019,0,Big12W18,-11,Big12,18,8381,1.0,0.0,3,0,3,58,120,-62,,0.0,3,0,3,58,120,-62,0,0,0,0,0,0,2,0,2,49,87,-38,0,0,0,0,0,0.0
2019,0,Big12W19,61,Big12,19,5503,0.666666667,0.333333333,3,1,2,69,56,13,,0.333333333,3,1,2,69,56,13,0,0,0,0,0,0,2,1,1,52,36,16,0,0,0,0,0,0.0
2019,0,Big12W20,76,Big12,20,3990,,,0,0,0,0,0,0,,,0,0,0,0,0,0,0,0,0,0,0,0,0,0,0,0,0,0,0,0,0,0,0,0.0
2019,0,Pac12W1,54,Pac12,1,11857,0.333333333,0.666666667,12,8,4,401,262,139,,0.666666667,12,8,4,401,262,139,0,0,0,0,0,0,3,1,2,74,86,-12,2,2,0,74,27,47.0
2019,0,Pac12W2,47,Pac12,2,8155,0.333333333,0.666666667,12,8,4,435,277,158,,0.75,8,6,2,331,173,158,4,2,2,104,104,0,5,3,2,138,135,3,3,3,0,143,65,78.0
2019,0,Pac12W3,31,Pac12,3,7361,0.333333333,0.666666667,12,8,4,346,245,101,,0.666666667,12,8,4,346,245,101,0,0,0,0,0,0,3,2,1,52,69,-17,3,3,0,111,10,101.0
2019,0,Pac12W4,33,Pac12,4,5958,0.4,0.6,10,6,4,348,314,34,,1.0,2,2,0,73,39,34,8,4,4,275,275,0,9,5,4,303,295,8,0,0,0,0,0,0.0
2019,0,Pac12W5,54,Pac12,5,5912,0.5,0.5,10,5,5,230,230,0,,,0,0,0,0,0,0,10,5,5,230,230,0,10,5,5,230,230,0,0,0,0,0,0,0.0
2019,0,Pac12W6,34,Pac12,6,5241,0.5,0.5,8,4,4,204,204,0,,,0,0,0,0,0,0,8,4,4,204,204,0,8,4,4,204,204,0,0,0,0,0,0,0.0
2019,0,Pac12W7,48,Pac12,7,8368,0.4,0.6,10,6,4,348,314,34,,1.0,2,2,0,73,39,34,8,4,4,275,275,0,9,5,4,303,295,8,0,0,0,0,0,0.0
2019,0,Pac12W8,40,Pac12,8,6232,0.5,0.5,12,6,6,284,284,0,,,0,0,0,0,0,0,12,6,6,284,284,0,12,6,6,284,284,0,0,0,0,0,0,0.0
2019,0,Pac12W9,62,Pac12,9,5688,0.5,0.5,10,5,5,319,319,0,,,0,0,0,0,0,0,10,5,5,319,319,0,10,5,5,319,319,0,0,0,0,0,0,0.0
2019,0,Pac12W10,45,Pac12,10,6100,0.5,0.5,8,4,4,280,280,0,,,0,0,0,0,0,0,8,4,4,280,280,0,8,4,4,280,280,0,0,0,0,0,0,0.0
2019,0,Pac12W11,39,Pac12,11,5515,0.5,0.5,8,4,4,165,165,0,,,0,0,0,0,0,0,8,4,4,165,165,0,8,4,4,165,165,0,0,0,0,0,0,0.0
2019,0,Pac12W12,62,Pac12,12,4507,0.5,0.5,10,5,5,290,290,0,,,0,0,0,0,0,0,10,5,5,290,290,0,10,5,5,290,290,0,0,0,0,0,0,0.0
2019,0,Pac12W13,62,Pac12,13,7453,0.5,0.5,12,6,6,373,373,0,,,0,0,0,0,0,0,12,6,6,373,373,0,12,6,6,373,373,0,0,0,0,0,0,0.0
2019,0,Pac12W14,14,Pac12,14,8154,0.545454545,0.454545455,11,5,6,246,267,-21,,0.0,1,0,1,24,45,-21,10,5,5,222,222,0,10,5,5,222,222,0,0,0,0,0,0,0.0
2019,0,Pac12W15,-33,Pac12,15,12179,0.5,0.5,2,1,1,52,52,0,,,0,0,0,0,0,0,2,1,1,52,52,0,2,1,1,52,52,0,0,0,0,0,0,0.0
2019,0,Pac12W16,20,Pac12,16,4782,,,0,0,0,0,0,0,,,0,0,0,0,0,0,0,0,0,0,0,0,0,0,0,0,0,0,0,0,0,0,0,0.0
2019,0,Pac12W17,-6,Pac12,17,5971,0.0,1.0,1,1,0,38,7,31,,1.0,1,1,0,38,7,31,0,0,0,0,0,0,0,0,0,0,0,0,0,0,0,0,0,0.0
2019,0,Pac12W18,-16,Pac12,18,3957,0.666666667,0.333333333,3,1,2,80,100,-20,,0.333333333,3,1,2,80,100,-20,0,0,0,0,0,0,2,1,1,59,69,-10,0,0,0,0,0,0.0
2019,0,Pac12W19,47,Pac12,19,5334,0.333333333,0.666666667,3,2,1,58,79,-21,,0.666666667,3,2,1,58,79,-21,0,0,0,0,0,0,3,2,1,58,79,-21,0,0,0,0,0,0.0
2019,0,Pac12W20,47,Pac12,20,2204,,,0,0,0,0,0,0,,,0,0,0,0,0,0,0,0,0,0,0,0,0,0,0,0,0,0,0,0,0,0,0,0.0
2019,0,SECW1,52,SEC,1,20556,0.357142857,0.642857143,14,9,5,412,269,143,,0.666666667,12,8,4,376,233,143,2,1,1,36,36,0,6,4,2,149,104,45,1,1,0,20,13,7.0
2019,0,SECW2,24,SEC,2,14886,0.285714286,0.714285714,14,10,4,533,263,270,,0.75,12,9,3,485,215,270,2,1,1,48,48,0,6,3,3,165,159,6,3,3,0,180,27,153.0
2019,0,SECW3,44,SEC,3,13193,0.230769231,0.769230769,13,10,3,571,247,324,,0.888888889,9,8,1,451,127,324,4,2,2,120,120,0,5,2,3,144,151,-7,5,5,0,262,46,216.0
2019,0,SECW4,29,SEC,4,11602,0.5,0.5,14,7,7,394,361,33,,0.5,4,2,2,116,83,33,10,5,5,278,278,0,11,5,6,298,306,-8,0,0,0,0,0,0.0
2019,0,SECW5,19,SEC,5,10979,0.4,0.6,10,6,4,320,276,44,,1.0,2,2,0,62,18,44,8,4,4,258,258,0,8,4,4,258,258,0,1,1,0,38,0,38.0
2019,0,SECW6,41,SEC,6,9113,0.375,0.625,8,5,3,215,147,68,,1.0,2,2,0,84,16,68,6,3,3,131,131,0,6,3,3,131,131,0,0,0,0,0,0,0.0
2019,0,SECW7,49,SEC,7,9844,0.5,0.5,14,7,7,394,361,33,,0.5,4,2,2,116,83,33,10,5,5,278,278,0,11,5,6,298,306,-8,0,0,0,0,0,0.0
2019,0,SECW8,56,SEC,8,10585,0.5,0.5,14,7,7,320,320,0,,,0,0,0,0,0,0,14,7,7,320,320,0,14,7,7,320,320,0,0,0,0,0,0,0.0
2019,0,SECW9,37,SEC,9,11142,0.5,0.5,10,5,5,275,275,0,,,0,0,0,0,0,0,10,5,5,275,275,0,10,5,5,275,275,0,0,0,0,0,0,0.0
2019,0,SECW10,36,SEC,10,9395,0.4,0.6,10,6,4,259,205,54,,1.0,2,2,0,75,21,54,8,4,4,184,184,0,8,4,4,184,184,0,0,0,0,0,0,0.0
2019,0,SECW11,62,SEC,11,27923,0.545454545,0.454545455,11,5,6,275,268,7,,0.333333333,3,1,2,75,68,7,8,4,4,200,200,0,8,4,4,200,200,0,0,0,0,0,0,0.0
2019,0,SECW12,44,SEC,12,27218,0.5,0.5,12,6,6,292,292,0,,,0,0,0,0,0,0,12,6,6,292,292,0,12,6,6,292,292,0,0,0,0,0,0,0.0
2019,0,SECW13,64,SEC,13,13463,0.272727273,0.727272727,11,8,3,403,169,234,,1.0,5,5,0,251,17,234,6,3,3,152,152,0,6,3,3,152,152,0,5,5,0,251,17,234.0
2019,0,SECW14,31,SEC,14,13653,0.428571429,0.571428571,14,8,6,407,342,65,,0.75,4,3,1,140,75,65,10,5,5,267,267,0,14,8,6,407,342,65,0,0,0,0,0,0.0
2019,0,SECW15,55,SEC,15,17413,0.5,0.5,2,1,1,47,47,0,,,0,0,0,0,0,0,2,1,1,47,47,0,2,1,1,47,47,0,0,0,0,0,0,0.0
2019,0,SECW16,53,SEC,16,13270,,,0,0,0,0,0,0,,,0,0,0,0,0,0,0,0,0,0,0,0,0,0,0,0,0,0,0,0,0,0,0,0.0
2019,0,SECW17,56,SEC,17,12669,,,0,0,0,0,0,0,,,0,0,0,0,0,0,0,0,0,0,0,0,0,0,0,0,0,0,0,0,0,0,0,0.0
2019,0,SECW18,72,SEC,18,10390,0.25,0.75,4,3,1,151,115,36,,0.75,4,3,1,151,115,36,0,0,0,0,0,0,4,3,1,151,115,36,0,0,0,0,0,0.0
2019,0,SECW19,23,SEC,19,15979,0.2,0.8,5,4,1,145,113,32,,0.8,5,4,1,145,113,32,0,0,0,0,0,0,5,4,1,145,113,32,0,0,0,0,0,0.0
2019,0,SECW20,77,SEC,20,9972,0.0,1.0,1,1,0,42,25,17,,1.0,1,1,0,42,25,17,0,0,0,0,0,0,1,1,0,42,25,17,0,0,0,0,0,0.0
2020,1,ACCW1,68,ACC,1,7161,,,0,0,0,0,0,0,,,0,0,0,0,0,0,0,0,0,0,0,0,0,0,0,0,0,0,0,0,0,0,0,0.0
2020,1,ACCW2,27,ACC,2,13537,0.363636364,0.636363636,11,7,4,277,191,86,,1.0,3,3,0,121,35,86,8,4,4,156,156,0,8,4,4,156,156,0,1,1,0,55,0,55.0
2020,1,ACCW3,17,ACC,3,17151,0.454545455,0.545454545,11,6,5,353,280,73,,0.666666667,3,2,1,122,49,73,8,4,4,231,231,0,8,4,4,231,231,0,1,1,0,49,0,49.0
2020,1,ACCW4,64,ACC,4,7893,0.454545455,0.545454545,11,6,5,313,310,3,,1.0,1,1,0,24,21,3,10,5,5,289,289,0,10,5,5,289,289,0,0,0,0,0,0,0.0
2020,1,ACCW5,31,ACC,5,6041,0.4,0.6,10,6,4,347,278,69,,1.0,2,2,0,107,38,69,8,4,4,240,240,0,8,4,4,240,240,0,2,2,0,107,38,69.0
2020,1,ACCW6,29,ACC,6,6025,0.5,0.5,14,7,7,483,483,0,,,0,0,0,0,0,0,14,7,7,483,483,0,14,7,7,483,483,0,0,0,0,0,0,0.0
2020,1,ACCW7,43,ACC,7,6661,0.454545455,0.545454545,11,6,5,313,310,3,,1.0,1,1,0,24,21,3,10,5,5,289,289,0,10,5,5,289,289,0,0,0,0,0,0,0.0
2020,1,ACCW8,51,ACC,8,7283,0.5,0.5,14,7,7,396,396,0,,,0,0,0,0,0,0,14,7,7,396,396,0,14,7,7,396,396,0,0,0,0,0,0,0.0
2020,1,ACCW9,57,ACC,9,4948,0.454545455,0.545454545,11,6,5,373,339,34,,1.0,1,1,0,53,19,34,10,5,5,320,320,0,10,5,5,320,320,0,0,0,0,0,0,0.0
2020,1,ACCW10,3,ACC,10,7295,0.545454545,0.454545455,11,5,6,374,377,-3,,0.0,1,0,1,35,38,-3,10,5,5,339,339,0,10,5,5,339,339,0,0,0,0,0,0,0.0
2020,1,ACCW11,-10,ACC,11,5984,0.5,0.5,10,5,5,345,345,0,,,0,0,0,0,0,0,10,5,5,345,345,0,10,5,5,345,345,0,0,0,0,0,0,0.0
2020,1,ACCW12,0,ACC,12,7127,0.333333333,0.666666667,6,4,2,161,120,41,,1.0,2,2,0,70,29,41,4,2,2,91,91,0,4,2,2,91,91,0,1,1,0,55,15,40.0
2020,1,ACCW13,-3,ACC,13,5469,0.5,0.5,10,5,5,332,332,0,,,0,0,0,0,0,0,10,5,5,332,332,0,10,5,5,332,332,0,0,0,0,0,0,0.0
2020,1,ACCW14,20,ACC,14,5806,0.454545455,0.545454545,11,6,5,329,289,40,,1.0,1,1,0,49,9,40,10,5,5,280,280,0,10,5,5,280,280,0,1,1,0,49,9,40.0
2020,1,ACCW15,25,ACC,15,5665,0.5,0.5,10,5,5,347,347,0,,,0,0,0,0,0,0,10,5,5,347,347,0,10,5,5,347,347,0,0,0,0,0,0,0.0
2020,1,ACCW16,54,ACC,16,6923,0.5,0.5,2,1,1,44,44,0,,,0,0,0,0,0,0,2,1,1,44,44,0,2,1,1,44,44,0,0,0,0,0,0,0.0
2020,1,ACCW17,44,ACC,17,3627,,,0,0,0,0,0,0,,,0,0,0,0,0,0,0,0,0,0,0,0,0,0,0,0,0,0,0,0,0,0,0,0.0
2020,1,ACCW18,29,ACC,18,5551,1.0,0.0,6,0,6,152,223,-71,,0.0,6,0,6,152,223,-71,0,0,0,0,0,0,6,0,6,152,223,-71,0,0,0,0,0,0.0
2020,1,ACCW19,50,ACC,19,3649,,,0,0,0,0,0,0,,,0,0,0,0,0,0,0,0,0,0,0,0,0,0,0,0,0,0,0,0,0,0,0,0.0
2020,1,ACCW20,67,ACC,20,2462,,,0,0,0,0,0,0,,,0,0,0,0,0,0,0,0,0,0,0,0,0,0,0,0,0,0,0,0,0,0,0,0.0
2020,1,Big10W1,58,Big10,1,9421,,,0,0,0,0,0,0,,,0,0,0,0,0,0,0,0,0,0,0,0,0,0,0,0,0,0,0,0,0,0,0,0.0
2020,1,Big10W2,75,Big10,2,7725,,,0,0,0,0,0,0,,,0,0,0,0,0,0,0,0,0,0,0,0,0,0,0,0,0,0,0,0,0,0,0,0.0
2020,1,Big10W3,59,Big10,3,14125,,,0,0,0,0,0,0,,,0,0,0,0,0,0,0,0,0,0,0,0,0,0,0,0,0,0,0,0,0,0,0,0.0
2020,1,Big10W4,30,Big10,4,6811,,,0,0,0,0,0,0,,,0,0,0,0,0,0,0,0,0,0,0,0,0,0,0,0,0,0,0,0,0,0,0,0.0
2020,1,Big10W5,51,Big10,5,5634,,,0,0,0,0,0,0,,,0,0,0,0,0,0,0,0,0,0,0,0,0,0,0,0,0,0,0,0,0,0,0,0.0
2020,1,Big10W6,63,Big10,6,5849,,,0,0,0,0,0,0,,,0,0,0,0,0,0,0,0,0,0,0,0,0,0,0,0,0,0,0,0,0,0,0,0.0
2020,1,Big10W7,47,Big10,7,7214,,,0,0,0,0,0,0,,,0,0,0,0,0,0,0,0,0,0,0,0,0,0,0,0,0,0,0,0,0,0,0,0.0
2020,1,Big10W8,50,Big10,8,20516,0.5,0.5,14,7,7,420,420,0,,,0,0,0,0,0,0,14,7,7,420,420,0,14,7,7,420,420,0,0,0,0,0,0,0.0
2020,1,Big10W9,-11,Big10,9,15554,0.5,0.5,12,6,6,357,357,0,,,0,0,0,0,0,0,12,6,6,357,357,0,12,6,6,357,357,0,0,0,0,0,0,0.0
2020,1,Big10W10,-8,Big10,10,10851,0.5,0.5,12,6,6,334,334,0,,,0,0,0,0,0,0,12,6,6,334,334,0,12,6,6,334,334,0,0,0,0,0,0,0.0
2020,1,Big10W11,-31,Big10,11,12049,0.5,0.5,12,6,6,269,269,0,,,0,0,0,0,0,0,12,6,6,269,269,0,12,6,6,269,269,0,0,0,0,0,0,0.0
2020,1,Big10W12,17,Big10,12,11880,0.5,0.5,12,6,6,382,382,0,,,0,0,0,0,0,0,12,6,6,382,382,0,12,6,6,382,382,0,0,0,0,0,0,0.0
2020,1,Big10W13,-2,Big10,13,11206,0.5,0.5,10,5,5,244,244,0,,,0,0,0,0,0,0,10,5,5,244,244,0,10,5,5,244,244,0,0,0,0,0,0,0.0
2020,1,Big10W14,12,Big10,14,9343,0.5,0.5,10,5,5,234,234,0,,,0,0,0,0,0,0,10,5,5,234,234,0,10,5,5,234,234,0,0,0,0,0,0,0.0
2020,1,Big10W15,-4,Big10,15,11493,0.5,0.5,10,5,5,228,228,0,,,0,0,0,0,0,0,10,5,5,228,228,0,10,5,5,228,228,0,0,0,0,0,0,0.0
2020,1,Big10W16,29,Big10,16,12726,0.5,0.5,8,4,4,195,195,0,,,0,0,0,0,0,0,8,4,4,195,195,0,8,4,4,195,195,0,0,0,0,0,0,0.0
2020,1,Big10W17,49,Big10,17,6626,,,0,0,0,0,0,0,,,0,0,0,0,0,0,0,0,0,0,0,0,0,0,0,0,0,0,0,0,0,0,0,0.0
2020,1,Big10W18,62,Big10,18,11213,0.25,0.75,4,3,1,146,101,45,,0.75,4,3,1,146,101,45,0,0,0,0,0,0,4,3,1,146,101,45,0,0,0,0,0,0.0
2020,1,Big10W19,32,Big10,19,7287,,,0,0,0,0,0,0,,,0,0,0,0,0,0,0,0,0,0,0,0,0,0,0,0,0,0,0,0,0,0,0,0.0
2020,1,Big10W20,33,Big10,20,6790,1.0,0.0,1,0,1,24,52,-28,,0.0,1,0,1,24,52,-28,0,0,0,0,0,0,1,0,1,24,52,-28,0,0,0,0,0,0.0
2020,1,Big12W1,31,Big12,1,7116,,,0,0,0,0,0,0,,,0,0,0,0,0,0,0,0,0,0,0,0,0,0,0,0,0,0,0,0,0,0,0,0.0
2020,1,Big12W2,62,Big12,2,11142,0.428571429,0.571428571,7,4,3,266,150,116,,0.571428571,7,4,3,266,150,116,0,0,0,0,0,0,0,0,0,0,0,0,3,3,0,139,43,96.0
2020,1,Big12W3,51,Big12,3,8961,0.0,1.0,1,1,0,16,7,9,,1.0,1,1,0,16,7,9,0,0,0,0,0,0,0,0,0,0,0,0,0,0,0,0,0,0.0
2020,1,Big12W4,18,Big12,4,10011,0.5,0.5,10,5,5,364,364,0,,,0,0,0,0,0,0,10,5,5,364,364,0,10,5,5,364,364,0,0,0,0,0,0,0.0
2020,1,Big12W5,27,Big12,5,10334,0.5,0.5,10,5,5,285,285,0,,,0,0,0,0,0,0,10,5,5,285,285,0,10,5,5,285,285,0,0,0,0,0,0,0.0
2020,1,Big12W6,11,Big12,6,9712,0.5,0.5,6,3,3,179,179,0,,,0,0,0,0,0,0,6,3,3,179,179,0,6,3,3,179,179,0,0,0,0,0,0,0.0
2020,1,Big12W7,19,Big12,7,7588,0.5,0.5,10,5,5,364,364,0,,,0,0,0,0,0,0,10,5,5,364,364,0,10,5,5,364,364,0,0,0,0,0,0,0.0
2020,1,Big12W8,27,Big12,8,7332,0.5,0.5,10,5,5,265,265,0,,,0,0,0,0,0,0,10,5,5,265,265,0,10,5,5,265,265,0,0,0,0,0,0,0.0
2020,1,Big12W9,10,Big12,9,8876,0.5,0.5,10,5,5,342,342,0,,,0,0,0,0,0,0,10,5,5,342,342,0,10,5,5,342,342,0,0,0,0,0,0,0.0
2020,1,Big12W10,65,Big12,10,8038,0.5,0.5,10,5,5,260,260,0,,,0,0,0,0,0,0,10,5,5,260,260,0,10,5,5,260,260,0,0,0,0,0,0,0.0
2020,1,Big12W11,28,Big12,11,5175,0.5,0.5,4,2,2,77,77,0,,,0,0,0,0,0,0,4,2,2,77,77,0,4,2,2,77,77,0,0,0,0,0,0,0.0
2020,1,Big12W12,67,Big12,12,6110,0.5,0.5,4,2,2,99,99,0,,,0,0,0,0,0,0,4,2,2,99,99,0,4,2,2,99,99,0,0,0,0,0,0,0.0
2020,1,Big12W13,-5,Big12,13,7536,0.5,0.5,8,4,4,282,282,0,,,0,0,0,0,0,0,8,4,4,282,282,0,8,4,4,282,282,0,0,0,0,0,0,0.0
2020,1,Big12W14,27,Big12,14,9323,0.5,0.5,10,5,5,269,269,0,,,0,0,0,0,0,0,10,5,5,269,269,0,10,5,5,269,269,0,0,0,0,0,0,0.0
2020,1,Big12W15,25,Big12,15,6630,0.333333333,0.666666667,3,2,1,97,55,42,,1.0,1,1,0,52,10,42,2,1,1,45,45,0,2,1,1,45,45,0,0,0,0,0,0,0.0
2020,1,Big12W16,77,Big12,16,7174,0.5,0.5,2,1,1,48,48,0,,,0,0,0,0,0,0,2,1,1,48,48,0,2,1,1,48,48,0,0,0,0,0,0,0.0
2020,1,Big12W17,45,Big12,17,5851,,,0,0,0,0,0,0,,,0,0,0,0,0,0,0,0,0,0,0,0,0,0,0,0,0,0,0,0,0,0,0,0.0
2020,1,Big12W18,55,Big12,18,6656,0.0,1.0,5,5,0,205,115,90,,1.0,5,5,0,205,115,90,0,0,0,0,0,0,4,4,0,181,94,87,0,0,0,0,0,0.0
2020,1,Big12W19,46,Big12,19,4128,,,0,0,0,0,0,0,,,0,0,0,0,0,0,0,0,0,0,0,0,0,0,0,0,0,0,0,0,0,0,0,0.0
2020,1,Big12W20,72,Big12,20,4023,,,0,0,0,0,0,0,,,0,0,0,0,0,0,0,0,0,0,0,0,0,0,0,0,0,0,0,0,0,0,0,0.0
2020,1,Pac12w20,77,Pac12,0,4001,,,0,0,0,0,0,0,,,0,0,0,0,0,0,0,0,0,0,0,0,0,0,0,0,0,0,0,0,0,0,0,
2020,1,Pac12W1,56,Pac12,1,4580,,,0,0,0,0,0,0,,,0,0,0,0,0,0,0,0,0,0,0,0,0,0,0,0,0,0,0,0,0,0,0,0.0
2020,1,Pac12W2,61,Pac12,2,13094,,,0,0,0,0,0,0,,,0,0,0,0,0,0,0,0,0,0,0,0,0,0,0,0,0,0,0,0,0,0,0,0.0
2020,1,Pac12W3,50,Pac12,3,7580,,,0,0,0,0,0,0,,,0,0,0,0,0,0,0,0,0,0,0,0,0,0,0,0,0,0,0,0,0,0,0,0.0
2020,1,Pac12W4,58,Pac12,4,7186,,,0,0,0,0,0,0,,,0,0,0,0,0,0,0,0,0,0,0,0,0,0,0,0,0,0,0,0,0,0,0,0.0
2020,1,Pac12W5,59,Pac12,5,7294,,,0,0,0,0,0,0,,,0,0,0,0,0,0,0,0,0,0,0,0,0,0,0,0,0,0,0,0,0,0,0,0.0
2020,1,Pac12W6,19,Pac12,6,8946,,,0,0,0,0,0,0,,,0,0,0,0,0,0,0,0,0,0,0,0,0,0,0,0,0,0,0,0,0,0,0,0.0
2020,1,Pac12W7,42,Pac12,7,7372,,,0,0,0,0,0,0,,,0,0,0,0,0,0,0,0,0,0,0,0,0,0,0,0,0,0,0,0,0,0,0,0.0
2020,1,Pac12W8,54,Pac12,8,7821,,,0,0,0,0,0,0,,,0,0,0,0,0,0,0,0,0,0,0,0,0,0,0,0,0,0,0,0,0,0,0,0.0
2020,1,Pac12W9,46,Pac12,9,7848,,,0,0,0,0,0,0,,,0,0,0,0,0,0,0,0,0,0,0,0,0,0,0,0,0,0,0,0,0,0,0,0.0
2020,1,Pac12W10,-9,Pac12,10,7947,0.5,0.5,8,4,4,260,260,0,,,0,0,0,0,0,0,8,4,4,260,260,0,8,4,4,260,260,0,0,0,0,0,0,0.0
2020,1,Pac12W11,43,Pac12,11,8735,0.5,0.5,10,5,5,295,295,0,,,0,0,0,0,0,0,10,5,5,295,295,0,10,5,5,295,295,0,0,0,0,0,0,0.0
2020,1,Pac12W12,49,Pac12,12,11407,0.5,0.5,8,4,4,252,252,0,,,0,0,0,0,0,0,8,4,4,252,252,0,8,4,4,252,252,0,0,0,0,0,0,0.0
2020,1,Pac12W13,39,Pac12,13,5992,0.444444444,0.555555556,9,5,4,228,218,10,,1.0,1,1,0,20,10,10,8,4,4,208,208,0,8,4,4,208,208,0,0,0,0,0,0,0.0
2020,1,Pac12W14,42,Pac12,14,14515,0.5,0.5,12,6,6,280,280,0,,,0,0,0,0,0,0,12,6,6,280,280,0,12,6,6,280,280,0,0,0,0,0,0,0.0
2020,1,Pac12W15,45,Pac12,15,13914,0.5,0.5,8,4,4,268,268,0,,,0,0,0,0,0,0,8,4,4,268,268,0,8,4,4,268,268,0,0,0,0,0,0,0.0
2020,1,Pac12W16,-16,Pac12,16,19582,0.5,0.5,8,4,4,302,302,0,,,0,0,0,0,0,0,8,4,4,302,302,0,8,4,4,302,302,0,0,0,0,0,0,0.0
2020,1,Pac12W17,64,Pac12,17,14820,,,0,0,0,0,0,0,,,0,0,0,0,0,0,0,0,0,0,0,0,0,0,0,0,0,0,0,0,0,0,0,0.0
2020,1,Pac12W18,73,Pac12,18,28386,1.0,0.0,2,0,2,40,89,-49,,0.0,2,0,2,40,89,-49,0,0,0,0,0,0,2,0,2,40,89,-49,0,0,0,0,0,0.0
2020,1,Pac12W19,68,Pac12,19,5408,,,0,0,0,0,0,0,,,0,0,0,0,0,0,0,0,0,0,0,0,0,0,0,0,0,0,0,0,0,0,0,0.0
2020,1,SECW1,77,SEC,1,18852,,,0,0,0,0,0,0,,,0,0,0,0,0,0,0,0,0,0,0,0,0,0,0,0,0,0,0,0,0,0,0,0.0
2020,1,SECW2,40,SEC,2,7988,,,0,0,0,0,0,0,,,0,0,0,0,0,0,0,0,0,0,0,0,0,0,0,0,0,0,0,0,0,0,0,0.0
2020,1,SECW3,4,SEC,3,10942,,,0,0,0,0,0,0,,,0,0,0,0,0,0,0,0,0,0,0,0,0,0,0,0,0,0,0,0,0,0,0,0.0
2020,1,SECW4,53,SEC,4,20616,0.5,0.5,14,7,7,397,397,0,,,0,0,0,0,0,0,14,7,7,397,397,0,14,7,7,397,397,0,0,0,0,0,0,0.0
2020,1,SECW5,47,SEC,5,11677,0.5,0.5,14,7,7,384,384,0,,,0,0,0,0,0,0,14,7,7,384,384,0,14,7,7,384,384,0,0,0,0,0,0,0.0
2020,1,SECW6,19,SEC,6,11153,0.5,0.5,14,7,7,473,473,0,,,0,0,0,0,0,0,14,7,7,473,473,0,14,7,7,473,473,0,0,0,0,0,0,0.0
2020,1,SECW7,54,SEC,7,18510,0.5,0.5,14,7,7,397,397,0,,,0,0,0,0,0,0,14,7,7,397,397,0,14,7,7,397,397,0,0,0,0,0,0,0.0
2020,1,SECW8,33,SEC,8,11753,0.5,0.5,8,4,4,234,234,0,,,0,0,0,0,0,0,8,4,4,234,234,0,8,4,4,234,234,0,0,0,0,0,0,0.0
2020,1,SECW9,36,SEC,9,8537,0.5,0.5,12,6,6,323,323,0,,,0,0,0,0,0,0,12,6,6,323,323,0,12,6,6,323,323,0,0,0,0,0,0,0.0
2020,1,SECW10,40,SEC,10,15552,0.5,0.5,8,4,4,201,201,0,,,0,0,0,0,0,0,8,4,4,201,201,0,8,4,4,201,201,0,0,0,0,0,0,0.0
2020,1,SECW11,9,SEC,11,9685,0.5,0.5,6,3,3,272,272,0,,,0,0,0,0,0,0,6,3,3,272,272,0,6,3,3,272,272,0,0,0,0,0,0,0.0
2020,1,SECW12,19,SEC,12,8974,0.5,0.5,12,6,6,301,301,0,,,0,0,0,0,0,0,12,6,6,301,301,0,12,6,6,301,301,0,0,0,0,0,0,0.0
2020,1,SECW13,38,SEC,13,11549,0.5,0.5,12,6,6,283,283,0,,,0,0,0,0,0,0,12,6,6,283,283,0,12,6,6,283,283,0,0,0,0,0,0,0.0
2020,1,SECW14,21,SEC,14,9656,0.5,0.5,10,5,5,330,330,0,,,0,0,0,0,0,0,10,5,5,330,330,0,10,5,5,330,330,0,0,0,0,0,0,0.0
2020,1,SECW15,7,SEC,15,10624,0.5,0.5,10,5,5,282,282,0,,,0,0,0,0,0,0,10,5,5,282,282,0,10,5,5,282,282,0,0,0,0,0,0,0.0
2020,1,SECW16,44,SEC,16,13286,0.5,0.5,8,4,4,329,329,0,,,0,0,0,0,0,0,8,4,4,329,329,0,8,4,4,329,329,0,0,0,0,0,0,0.0
2020,1,SECW17,30,SEC,17,11248,,,0,0,0,0,0,0,,,0,0,0,0,0,0,0,0,0,0,0,0,0,0,0,0,0,0,0,0,0,0,0,0.0
2020,1,SECW18,40,SEC,18,10610,0.25,0.75,8,6,2,212,219,-7,,0.75,8,6,2,212,219,-7,0,0,0,0,0,0,6,4,2,160,172,-12,0,0,0,0,0,0.0
2020,1,SECW19,48,SEC,19,15178,,,0,0,0,0,0,0,,,0,0,0,0,0,0,0,0,0,0,0,0,0,0,0,0,0,0,0,0,0,0,0,0.0
2020,1,SECW20,73,SEC,20,10097,0.0,1.0,1,1,0,52,24,28,,1.0,1,1,0,52,24,28,0,0,0,0,0,0,1,1,0,52,24,28,0,0,0,0,0,0.0
2021,0,ACCW1,46,ACC,1,9017,0.466666667,0.533333333,15,8,7,456,282,174,,0.545454545,11,6,5,350,176,174,4,2,2,106,106,0,7,2,5,146,203,-57,2,2,0,94,0,94.0
2021,0,ACCW2,41,ACC,2,12994,0.2,0.8,15,12,3,523,276,247,,0.8,15,12,3,523,276,247,0,0,0,0,0,0,4,2,2,100,89,11,6,5,1,227,76,151.0
2021,0,ACCW3,28,ACC,3,11286,0.4,0.6,15,9,6,482,383,99,,0.666666667,9,6,3,313,214,99,6,3,3,169,169,0,10,5,5,264,270,-6,2,2,0,107,31,76.0
2021,0,ACCW4,33,ACC,4,7808,0.266666667,0.733333333,15,11,4,548,341,207,,1.0,7,7,0,325,118,207,8,4,4,223,223,0,11,7,4,357,303,54,3,3,0,167,17,150.0
2021,0,ACCW5,37,ACC,5,7005,0.5,0.5,14,7,7,389,393,-4,,0.5,2,1,1,47,51,-4,12,6,6,342,342,0,12,6,6,342,342,0,0,0,0,0,0,0.0
2021,0,ACCW6,42,ACC,6,5130,0.5,0.5,10,5,5,323,323,0,,,0,0,0,0,0,0,10,5,5,323,323,0,10,5,5,323,323,0,0,0,0,0,0,0.0
2021,0,ACCW7,-3,ACC,7,5429,0.266666667,0.733333333,15,11,4,548,341,207,,1.0,7,7,0,325,118,207,8,4,4,223,223,0,11,7,4,357,303,54,3,3,0,167,17,150.0
2021,0,ACCW8,32,ACC,8,5436,0.384615385,0.615384615,13,8,5,472,387,85,,1.0,3,3,0,160,75,85,10,5,5,312,312,0,11,6,5,343,328,15,0,0,0,0,0,0.0
2021,0,ACCW9,43,ACC,9,5767,0.533333333,0.466666667,15,7,8,412,429,-17,,0.0,1,0,1,49,66,-17,14,7,7,363,363,0,14,7,7,363,363,0,0,0,0,0,0,0.0
2021,0,ACCW10,33,ACC,10,5522,0.461538462,0.538461538,13,7,6,409,381,28,,1.0,1,1,0,34,6,28,12,6,6,375,375,0,12,6,6,375,375,0,0,0,0,0,0,0.0
2021,0,ACCW11,18,ACC,11,5861,0.466666667,0.533333333,15,8,7,454,417,37,,1.0,1,1,0,44,7,37,14,7,7,410,410,0,14,7,7,410,410,0,0,0,0,0,0,0.0
2021,0,ACCW12,26,ACC,12,6635,0.466666667,0.533333333,15,8,7,505,485,20,,1.0,1,1,0,34,14,20,14,7,7,471,471,0,14,7,7,471,471,0,1,1,0,34,14,20.0
2021,0,ACCW13,29,ACC,13,6027,0.533333333,0.466666667,15,7,8,387,405,-18,,0.4,5,2,3,117,135,-18,10,5,5,270,270,0,15,7,8,387,405,-18,0,0,0,0,0,0.0
2021,0,ACCW14,46,ACC,14,17147,0.5,0.5,2,1,1,66,66,0,,,0,0,0,0,0,0,2,1,1,66,66,0,2,1,1,66,66,0,0,0,0,0,0,0.0
2021,0,ACCW15,65,ACC,15,8384,,,0,0,0,0,0,0,,,0,0,0,0,0,0,0,0,0,0,0,0,0,0,0,0,0,0,0,0,0,0,0,0.0
2021,0,ACCW16,81,ACC,16,6275,,,0,0,0,0,0,0,,,0,0,0,0,0,0,0,0,0,0,0,0,0,0,0,0,0,0,0,0,0,0,0,0.0
2021,0,ACCW17,39,ACC,17,2744,,,0,0,0,0,0,0,,,0,0,0,0,0,0,0,0,0,0,0,0,0,0,0,0,0,0,0,0,0,0,0,0.0
2021,0,ACCW18,44,ACC,18,6445,0.714285714,0.285714286,7,2,5,173,214,-41,,0.285714286,7,2,5,173,214,-41,0,0,0,0,0,0,6,2,4,145,183,-38,0,0,0,0,0,0.0
2021,0,ACCW19,41,ACC,19,3752,,,0,0,0,0,0,0,,,0,0,0,0,0,0,0,0,0,0,0,0,0,0,0,0,0,0,0,0,0,0,0,0.0
2021,0,ACCW20,51,ACC,20,3420,,,0,0,0,0,0,0,,,0,0,0,0,0,0,0,0,0,0,0,0,0,0,0,0,0,0,0,0,0,0,0,0.0
2021,0,Big10W1,36,Big10,1,20576,0.375,0.625,16,10,6,503,370,133,,0.833333333,6,5,1,250,117,133,10,5,5,253,253,0,12,7,5,313,298,15,1,1,0,52,7,45.0
2021,0,Big10W2,50,Big10,2,13414,0.142857143,0.857142857,14,12,2,487,194,293,,0.857142857,14,12,2,487,194,293,0,0,0,0,0,0,5,3,2,117,111,6,4,4,0,184,34,150.0
2021,0,Big10W3,62,Big10,3,13332,0.384615385,0.615384615,13,8,5,388,242,146,,0.636363636,11,7,4,351,205,146,2,1,1,37,37,0,7,4,3,172,127,45,1,1,0,45,13,32.0
2021,0,Big10W4,17,Big10,4,12638,0.357142857,0.642857143,14,9,5,347,244,103,,0.75,8,6,2,249,146,103,6,3,3,98,98,0,6,3,3,98,98,0,1,1,0,38,17,21.0
2021,0,Big10W5,49,Big10,5,12448,0.428571429,0.571428571,14,8,6,377,350,27,,1.0,2,2,0,72,45,27,12,6,6,305,305,0,12,6,6,305,305,0,0,0,0,0,0,0.0
2021,0,Big10W6,37,Big10,6,12592,0.5,0.5,10,5,5,255,255,0,,,0,0,0,0,0,0,10,5,5,255,255,0,10,5,5,255,255,0,0,0,0,0,0,0.0
2021,0,Big10W7,30,Big10,7,9641,0.357142857,0.642857143,14,9,5,347,244,103,,0.75,8,6,2,249,146,103,6,3,3,98,98,0,6,3,3,98,98,0,1,1,0,38,17,21.0
2021,0,Big10W8,42,Big10,8,8809,0.5,0.5,10,5,5,232,232,0,,,0,0,0,0,0,0,10,5,5,232,232,0,10,5,5,232,232,0,0,0,0,0,0,0.0
2021,0,Big10W9,25,Big10,9,12042,0.5,0.5,14,7,7,374,374,0,,,0,0,0,0,0,0,14,7,7,374,374,0,14,7,7,374,374,0,0,0,0,0,0,0.0
2021,0,Big10W10,61,Big10,10,12334,0.5,0.5,14,7,7,297,297,0,,,0,0,0,0,0,0,14,7,7,297,297,0,14,7,7,297,297,0,0,0,0,0,0,0.0
2021,0,Big10W11,23,Big10,11,11834,0.5,0.5,12,6,6,321,321,0,,,0,0,0,0,0,0,12,6,6,321,321,0,12,6,6,321,321,0,0,0,0,0,0,0.0
2021,0,Big10W12,37,Big10,12,11611,0.5,0.5,14,7,7,382,382,0,,,0,0,0,0,0,0,14,7,7,382,382,0,14,7,7,382,382,0,0,0,0,0,0,0.0
2021,0,Big10W13,66,Big10,13,19170,0.5,0.5,14,7,7,379,379,0,,,0,0,0,0,0,0,14,7,7,379,379,0,14,7,7,379,379,0,0,0,0,0,0,0.0
2021,0,Big10W14,64,Big10,14,19019,0.5,0.5,2,1,1,45,45,0,,,0,0,0,0,0,0,2,1,1,45,45,0,2,1,1,45,45,0,0,0,0,0,0,0.0
2021,0,Big10W15,64,Big10,15,14888,,,0,0,0,0,0,0,,,0,0,0,0,0,0,0,0,0,0,0,0,0,0,0,0,0,0,0,0,0,0,0,0.0
2021,0,Big10W16,71,Big10,16,11287,,,0,0,0,0,0,0,,,0,0,0,0,0,0,0,0,0,0,0,0,0,0,0,0,0,0,0,0,0,0,0,0.0
2021,0,Big10W17,60,Big10,17,6155,,,0,0,0,0,0,0,,,0,0,0,0,0,0,0,0,0,0,0,0,0,0,0,0,0,0,0,0,0,0,0,0.0
2021,0,Big10W18,-11,Big10,18,18240,0.4,0.6,10,6,4,267,256,11,,0.6,10,6,4,267,256,11,0,0,0,0,0,0,10,6,4,267,256,11,0,0,0,0,0,0.0
2021,0,Big10W19,50,Big10,19,8695,,,0,0,0,0,0,0,,,0,0,0,0,0,0,0,0,0,0,0,0,0,0,0,0,0,0,0,0,0,0,0,0.0
2021,0,Big10W20,76,Big10,20,7257,,,0,0,0,0,0,0,,,0,0,0,0,0,0,0,0,0,0,0,0,0,0,0,0,0,0,0,0,0,0,0,0.0
2021,0,Big12W1,50,Big12,1,13403,0.1,0.9,10,9,1,294,174,120,,0.9,10,9,1,294,174,120,0,0,0,0,0,0,2,1,1,48,37,11,4,4,0,101,43,58.0
2021,0,Big12W2,56,Big12,2,12764,0.3,0.7,10,7,3,389,223,166,,0.7,10,7,3,389,223,166,0,0,0,0,0,0,3,1,2,72,99,-27,5,5,0,267,52,215.0
2021,0,Big12W3,10,Big12,3,10322,0.111111111,0.888888889,9,8,1,321,150,171,,1.0,7,7,0,269,98,171,2,1,1,52,52,0,4,3,1,102,89,13,0,0,0,0,0,0.0
2021,0,Big12W4,32,Big12,4,8739,0.6,0.4,10,4,6,312,339,-27,,0.0,2,0,2,67,94,-27,8,4,4,245,245,0,9,4,5,278,297,-19,0,0,0,0,0,0.0
2021,0,Big12W5,37,Big12,5,7979,0.5,0.5,10,5,5,274,274,0,,,0,0,0,0,0,0,10,5,5,274,274,0,10,5,5,274,274,0,0,0,0,0,0,0.0
2021,0,Big12W6,28,Big12,6,9239,0.5,0.5,6,3,3,251,251,0,,,0,0,0,0,0,0,6,3,3,251,251,0,6,3,3,251,251,0,0,0,0,0,0,0.0
2021,0,Big12W7,28,Big12,7,9138,0.6,0.4,10,4,6,312,339,-27,,0.0,2,0,2,67,94,-27,8,4,4,245,245,0,9,4,5,278,297,-19,0,0,0,0,0,0.0
2021,0,Big12W8,41,Big12,8,9238,0.5,0.5,8,4,4,198,198,0,,,0,0,0,0,0,0,8,4,4,198,198,0,8,4,4,198,198,0,0,0,0,0,0,0.0
2021,0,Big12W9,29,Big12,9,7892,0.5,0.5,10,5,5,298,298,0,,,0,0,0,0,0,0,10,5,5,298,298,0,10,5,5,298,298,0,0,0,0,0,0,0.0
2021,0,Big12W10,21,Big12,10,9978,0.5,0.5,8,4,4,167,167,0,,,0,0,0,0,0,0,8,4,4,167,167,0,8,4,4,167,167,0,0,0,0,0,0,0.0
2021,0,Big12W11,58,Big12,11,9794,0.5,0.5,10,5,5,364,364,0,,,0,0,0,0,0,0,10,5,5,364,364,0,10,5,5,364,364,0,0,0,0,0,0,0.0
2021,0,Big12W12,63,Big12,12,11074,0.5,0.5,10,5,5,215,215,0,,,0,0,0,0,0,0,10,5,5,215,215,0,10,5,5,215,215,0,0,0,0,0,0,0.0
2021,0,Big12W13,40,Big12,13,8428,0.5,0.5,10,5,5,284,284,0,,,0,0,0,0,0,0,10,5,5,284,284,0,10,5,5,284,284,0,0,0,0,0,0,0.0
2021,0,Big12W14,56,Big12,14,12818,0.5,0.5,2,1,1,37,37,0,,,0,0,0,0,0,0,2,1,1,37,37,0,2,1,1,37,37,0,0,0,0,0,0,0.0
2021,0,Big12W15,67,Big12,15,10691,,,0,0,0,0,0,0,,,0,0,0,0,0,0,0,0,0,0,0,0,0,0,0,0,0,0,0,0,0,0,0,0.0
2021,0,Big12W16,62,Big12,16,9765,,,0,0,0,0,0,0,,,0,0,0,0,0,0,0,0,0,0,0,0,0,0,0,0,0,0,0,0,0,0,0,0.0
2021,0,Big12W17,62,Big12,17,6401,,,0,0,0,0,0,0,,,0,0,0,0,0,0,0,0,0,0,0,0,0,0,0,0,0,0,0,0,0,0,0,0.0
2021,0,Big12W18,49,Big12,18,7714,0.333333333,0.666666667,6,4,2,158,119,39,,0.666666667,6,4,2,158,119,39,0,0,0,0,0,0,5,3,2,121,84,37,0,0,0,0,0,0.0
2021,0,Big12W19,62,Big12,19,4209,0.0,1.0,1,1,0,42,20,22,,1.0,1,1,0,42,20,22,0,0,0,0,0,0,1,1,0,42,20,22,0,0,0,0,0,0.0
2021,0,Big12W20,75,Big12,20,3609,,,0,0,0,0,0,0,,,0,0,0,0,0,0,0,0,0,0,0,0,0,0,0,0,0,0,0,0,0,0,0,0.0
2021,0,Pac12W1,68,Pac12,1,9970,0.461538462,0.538461538,13,7,6,350,245,105,,0.538461538,13,7,6,350,245,105,0,0,0,0,0,0,3,1,2,66,81,-15,4,3,1,123,51,72.0
2021,0,Pac12W2,35,Pac12,2,9259,0.545454545,0.454545455,11,5,6,311,298,13,,0.444444444,9,4,5,241,228,13,2,1,1,70,70,0,6,2,4,154,173,-19,1,1,0,44,24,20.0
2021,0,Pac12W3,63,Pac12,3,21249,0.5,0.5,12,6,6,388,273,115,,0.5,10,5,5,329,214,115,2,1,1,59,59,0,4,2,2,100,112,-12,4,3,1,151,58,93.0
2021,0,Pac12W4,66,Pac12,4,7753,0.5,0.5,12,6,6,331,331,0,,,0,0,0,0,0,0,12,6,6,331,331,0,12,6,6,331,331,0,0,0,0,0,0,0.0
2021,0,Pac12W5,-25,Pac12,5,14800,0.5,0.5,10,5,5,249,249,0,,,0,0,0,0,0,0,10,5,5,249,249,0,10,5,5,249,249,0,0,0,0,0,0,0.0
2021,0,Pac12W6,17,Pac12,6,11745,0.5,0.5,8,4,4,211,211,0,,,0,0,0,0,0,0,8,4,4,211,211,0,8,4,4,211,211,0,0,0,0,0,0,0.0
2021,0,Pac12W7,69,Pac12,7,12616,0.5,0.5,12,6,6,331,331,0,,,0,0,0,0,0,0,12,6,6,331,331,0,12,6,6,331,331,0,0,0,0,0,0,0.0
2021,0,Pac12W8,23,Pac12,8,17306,0.6,0.4,10,4,6,242,259,-17,,0.0,2,0,2,35,52,-17,8,4,4,207,207,0,8,4,4,207,207,0,0,0,0,0,0,0.0
2021,0,Pac12W9,44,Pac12,9,8862,0.5,0.5,12,6,6,376,376,0,,,0,0,0,0,0,0,12,6,6,376,376,0,12,6,6,376,376,0,0,0,0,0,0,0.0
2021,0,Pac12W10,24,Pac12,10,9883,0.5,0.5,10,5,5,232,232,0,,,0,0,0,0,0,0,10,5,5,232,232,0,10,5,5,232,232,0,0,0,0,0,0,0.0
2021,0,Pac12W11,33,Pac12,11,6233,0.5,0.5,10,5,5,307,307,0,,,0,0,0,0,0,0,10,5,5,307,307,0,10,5,5,307,307,0,0,0,0,0,0,0.0
2021,0,Pac12W12,12,Pac12,12,11457,0.5,0.5,12,6,6,325,325,0,,,0,0,0,0,0,0,12,6,6,325,325,0,12,6,6,325,325,0,0,0,0,0,0,0.0
2021,0,Pac12W13,20,Pac12,13,12286,0.583333333,0.416666667,12,5,7,315,350,-35,,0.0,2,0,2,45,80,-35,10,5,5,270,270,0,10,5,5,270,270,0,0,0,0,0,0,0.0
2021,0,Pac12W14,27,Pac12,14,19834,0.5,0.5,4,2,2,86,86,0,,,0,0,0,0,0,0,4,2,2,86,86,0,4,2,2,86,86,0,0,0,0,0,0,0.0
2021,0,Pac12W15,-10,Pac12,15,17035,,,0,0,0,0,0,0,,,0,0,0,0,0,0,0,0,0,0,0,0,0,0,0,0,0,0,0,0,0,0,0,0.0
2021,0,Pac12W16,56,Pac12,16,13116,1.0,0.0,1,0,1,13,24,-11,,0.0,1,0,1,13,24,-11,0,0,0,0,0,0,0,0,0,0,0,0,0,0,0,0,0,0.0
2021,0,Pac12W17,70,Pac12,17,7855,,,0,0,0,0,0,0,,,0,0,0,0,0,0,0,0,0,0,0,0,0,0,0,0,0,0,0,0,0,0,0,0.0
2021,0,Pac12W18,70,Pac12,18,14047,1.0,0.0,4,0,4,111,139,-28,,0.0,4,0,4,111,139,-28,0,0,0,0,0,0,3,0,3,90,115,-25,0,0,0,0,0,0.0
2021,0,Pac12W19,66,Pac12,19,9766,,,0,0,0,0,0,0,,,0,0,0,0,0,0,0,0,0,0,0,0,0,0,0,0,0,0,0,0,0,0,0,0.0
2021,0,Pac12W20,71,Pac12,20,7339,,,0,0,0,0,0,0,,,0,0,0,0,0,0,0,0,0,0,0,0,0,0,0,0,0,0,0,0,0,0,0,0.0
2021,0,SECW1,58,SEC,1,18299,0.142857143,0.857142857,14,12,2,499,226,273,,0.857142857,14,12,2,499,226,273,0,0,0,0,0,0,4,3,1,124,78,46,2,1,1,49,23,26.0
2021,0,SECW2,42,SEC,2,16203,0.142857143,0.857142857,14,12,2,511,245,266,,0.916666667,12,11,1,448,182,266,2,1,1,63,63,0,6,4,2,171,142,29,4,4,0,198,38,160.0
2021,0,SECW3,14,SEC,3,13217,0.357142857,0.642857143,14,9,5,517,316,201,,0.7,10,7,3,404,203,201,4,2,2,113,113,0,6,2,4,156,182,-26,3,3,0,143,51,92.0
2021,0,SECW4,29,SEC,4,13406,0.461538462,0.538461538,13,7,6,354,302,52,,0.666666667,3,2,1,131,79,52,10,5,5,223,223,0,11,5,6,257,264,-7,0,0,0,0,0,0.0
2021,0,SECW5,-47,SEC,5,15692,0.428571429,0.571428571,14,8,6,363,352,11,,1.0,2,2,0,53,42,11,12,6,6,310,310,0,12,6,6,310,310,0,0,0,0,0,0,0.0
2021,0,SECW6,6,SEC,6,14430,0.461538462,0.538461538,13,7,6,444,431,13,,1.0,1,1,0,48,35,13,12,6,6,396,396,0,12,6,6,396,396,0,0,0,0,0,0,0.0
2021,0,SECW7,25,SEC,7,18051,0.461538462,0.538461538,13,7,6,354,302,52,,0.666666667,3,2,1,131,79,52,10,5,5,223,223,0,11,5,6,257,264,-7,0,0,0,0,0,0.0
2021,0,SECW8,-21,SEC,8,13612,0.444444444,0.555555556,9,5,4,278,236,42,,1.0,1,1,0,45,3,42,8,4,4,233,233,0,8,4,4,233,233,0,1,1,0,45,3,42.0
2021,0,SECW9,13,SEC,9,10735,0.5,0.5,8,4,4,205,205,0,,,0,0,0,0,0,0,8,4,4,205,205,0,8,4,4,205,205,0,0,0,0,0,0,0.0
2021,0,SECW10,47,SEC,10,12181,0.461538462,0.538461538,13,7,6,336,323,13,,1.0,1,1,0,27,14,13,12,6,6,309,309,0,12,6,6,309,309,0,0,0,0,0,0,0.0
2021,0,SECW11,30,SEC,11,12102,0.428571429,0.571428571,14,8,6,451,377,74,,1.0,2,2,0,129,55,74,12,6,6,322,322,0,12,6,6,322,322,0,1,1,0,70,52,18.0
2021,0,SECW12,29,SEC,12,11664,0.285714286,0.714285714,14,10,4,516,274,242,,1.0,6,6,0,306,64,242,8,4,4,210,210,0,8,4,4,210,210,0,3,3,0,163,20,143.0
2021,0,SECW13,46,SEC,13,15538,0.428571429,0.571428571,14,8,6,387,338,49,,0.75,4,3,1,121,72,49,10,5,5,266,266,0,14,8,6,387,338,49,0,0,0,0,0,0.0
2021,0,SECW14,49,SEC,14,19805,0.5,0.5,2,1,1,65,65,0,,,0,0,0,0,0,0,2,1,1,65,65,0,2,1,1,65,65,0,0,0,0,0,0,0.0
2021,0,SECW15,74,SEC,15,14069,,,0,0,0,0,0,0,,,0,0,0,0,0,0,0,0,0,0,0,0,0,0,0,0,0,0,0,0,0,0,0,0.0
2021,0,SECW16,28,SEC,16,13867,,,0,0,0,0,0,0,,,0,0,0,0,0,0,0,0,0,0,0,0,0,0,0,0,0,0,0,0,0,0,0,0.0
2021,0,SECW17,-21,SEC,17,7530,1.0,0.0,2,0,2,39,53,-14,,0.0,2,0,2,39,53,-14,0,0,0,0,0,0,0,0,0,0,0,0,0,0,0,0,0,0.0
2021,0,SECW18,2,SEC,18,13698,0.444444444,0.555555556,9,5,4,215,185,30,,0.555555556,9,5,4,215,185,30,0,0,0,0,0,0,7,4,3,175,162,13,0,0,0,0,0,0.0
2021,0,SECW19,19,SEC,19,9522,0.666666667,0.333333333,3,1,2,71,93,-22,,0.0,1,0,1,20,42,-22,2,1,1,51,51,0,3,1,2,71,93,-22,0,0,0,0,0,0.0
2021,0,SECW20,64,SEC,20,15115,,,0,0,0,0,0,0,,,0,0,0,0,0,0,0,0,0,0,0,0,0,0,0,0,0,0,0,0,0,0,0,0.0
2022,0,ACCW1,38,ACC,1,10917,0.294117647,0.705882353,17,12,5,564,358,206,,0.6875,16,11,5,523,348,175,1,1,0,41,10,31,8,4,4,182,186,-4,5,5,0,251,71,180.0
2022,0,ACCW2,36,ACC,2,11332,0.285714286,0.714285714,14,10,4,422,264,158,,0.714285714,14,10,4,422,264,158,0,0,0,0,0,0,6,3,3,143,143,0,3,3,0,125,32,93.0
2022,0,ACCW3,56,ACC,3,10373,0.214285714,0.785714286,14,11,3,407,312,95,,0.769230769,13,10,3,372,281,91,1,1,0,35,31,4,7,4,3,158,185,-27,3,3,0,114,44,70.0
2022,0,ACCW4,47,ACC,4,9227,0.533333333,0.466666667,15,7,8,478,450,28,,0.5,10,5,5,286,273,13,5,2,3,192,177,15,10,4,6,310,341,-31,1,1,0,45,24,21.0
2022,0,ACCW5,38,ACC,5,7839,0.461538462,0.538461538,13,7,6,381,322,59,,0.5,6,3,3,183,155,28,7,4,3,198,167,31,12,6,6,322,322,0,1,1,0,59,0,59.0
2022,0,ACCW6,28,ACC,6,7979,0.428571429,0.571428571,14,8,6,362,319,43,,0.625,8,5,3,231,199,32,6,3,3,131,120,11,12,6,6,289,289,0,0,0,0,0,0,0.0
2022,0,ACCW7,26,ACC,7,6444,0.533333333,0.466666667,15,7,8,478,450,28,,0.5,10,5,5,286,273,13,5,2,3,192,177,15,10,4,6,310,341,-31,1,1,0,45,24,21.0
2022,0,ACCW8,20,ACC,8,6426,0.454545455,0.545454545,11,6,5,275,252,23,,0.285714286,7,2,5,144,186,-42,4,4,0,131,66,65,10,5,5,231,231,0,0,0,0,0,0,0.0
2022,0,ACCW9,33,ACC,9,7668,0.538461538,0.461538462,13,6,7,329,339,-10,,0.375,8,3,5,191,216,-25,5,3,2,138,123,15,12,6,6,326,326,0,0,0,0,0,0,0.0
2022,0,ACCW10,44,ACC,10,6728,0.466666667,0.533333333,15,8,7,393,369,24,,0.5,8,4,4,186,190,-4,7,4,3,207,179,28,14,7,7,359,359,0,0,0,0,0,0,0.0
2022,0,ACCW11,12,ACC,11,6760,0.466666667,0.533333333,15,8,7,358,355,3,,0.444444444,9,4,5,175,238,-63,6,4,2,183,117,66,14,7,7,323,323,0,0,0,0,0,0,0.0
2022,0,ACCW12,-53,ACC,12,20767,0.428571429,0.571428571,14,8,6,373,340,33,,0.666666667,9,6,3,235,221,14,5,2,3,138,119,19,12,6,6,301,301,0,0,0,0,0,0,0.0
2022,0,ACCW13,-59,ACC,13,10455,0.615384615,0.384615385,13,5,8,364,405,-41,,0.333333333,9,3,6,242,283,-41,4,2,2,122,122,0,13,5,8,364,405,-41,0,0,0,0,0,0.0
2022,0,ACCW14,41,ACC,14,7142,0.5,0.5,2,1,1,49,49,0,,,0,0,0,0,0,0,2,1,1,49,49,0,2,1,1,49,49,0,0,0,0,0,0,0.0
2022,0,ACCW15,43,ACC,15,9789,,,0,0,0,0,0,0,,,0,0,0,0,0,0,0,0,0,0,0,0,0,0,0,0,0,0,0,0,0,0,0,0.0
2022,0,ACCW16,75,ACC,16,6364,0.0,1.0,1,1,0,24,7,17,,1.0,1,1,0,24,7,17,0,0,0,0,0,0,0,0,0,0,0,0,0,0,0,0,0,0.0
2022,0,ACCW17,73,ACC,17,6646,0.0,1.0,1,1,0,27,17,10,,1.0,1,1,0,27,17,10,0,0,0,0,0,0,1,1,0,27,17,10,0,0,0,0,0,0.0
2022,0,ACCW18,25,ACC,18,5833,0.5,0.5,8,4,4,220,221,-1,,0.5,8,4,4,220,221,-1,0,0,0,0,0,0,7,3,4,190,208,-18,0,0,0,0,0,0.0
2022,0,ACCW19,74,ACC,19,5576,,,0,0,0,0,0,0,,,0,0,0,0,0,0,0,0,0,0,0,0,0,0,0,0,0,0,0,0,0,0,0,0.0
2022,0,ACCW20,57,ACC,20,3769,,,0,0,0,0,0,0,,,0,0,0,0,0,0,0,0,0,0,0,0,0,0,0,0,0,0,0,0,0,0,0,0.0
2022,0,Big10W1,53,Big10,1,24615,0.1875,0.8125,16,13,3,487,255,232,,1.0,10,10,0,319,87,232,6,3,3,168,168,0,7,4,3,190,189,1,3,3,0,83,20,63.0
2022,0,Big10W2,43,Big10,2,17495,0.285714286,0.714285714,14,10,4,584,198,386,,0.714285714,14,10,4,584,198,386,0,0,0,0,0,0,4,1,3,68,61,7,4,4,0,219,39,180.0
2022,0,Big10W3,21,Big10,3,19700,0.307692308,0.692307692,13,9,4,497,269,228,,0.692307692,13,9,4,497,269,228,0,0,0,0,0,0,5,2,3,161,139,22,1,0,1,24,31,-7.0
2022,0,Big10W4,59,Big10,4,15875,0.461538462,0.538461538,13,7,6,342,314,28,,0.6,5,3,2,130,102,28,8,4,4,212,212,0,8,4,4,212,212,0,1,1,0,31,0,31.0
2022,0,Big10W5,10,Big10,5,14864,0.5,0.5,14,7,7,294,294,0,,,0,0,0,0,0,0,14,7,7,294,294,0,14,7,7,294,294,0,0,0,0,0,0,0.0
2022,0,Big10W6,29,Big10,6,14275,0.5,0.5,12,6,6,261,261,0,,,0,0,0,0,0,0,12,6,6,261,261,0,12,6,6,261,261,0,0,0,0,0,0,0.0
2022,0,Big10W7,52,Big10,7,12130,0.461538462,0.538461538,13,7,6,342,314,28,,0.6,5,3,2,130,102,28,8,4,4,212,212,0,8,4,4,212,212,0,1,1,0,31,0,31.0
2022,0,Big10W8,42,Big10,8,12555,0.5,0.5,10,5,5,281,281,0,,,0,0,0,0,0,0,10,5,5,281,281,0,10,5,5,281,281,0,0,0,0,0,0,0.0
2022,0,Big10W9,48,Big10,9,13171,0.5,0.5,10,5,5,223,223,0,,,0,0,0,0,0,0,10,5,5,223,223,0,10,5,5,223,223,0,0,0,0,0,0,0.0
2022,0,Big10W10,18,Big10,10,14792,0.5,0.5,14,7,7,287,287,0,,,0,0,0,0,0,0,14,7,7,287,287,0,14,7,7,287,287,0,0,0,0,0,0,0.0
2022,0,Big10W11,55,Big10,11,11385,0.5,0.5,14,7,7,308,308,0,,,0,0,0,0,0,0,14,7,7,308,308,0,14,7,7,308,308,0,0,0,0,0,0,0.0
2022,0,Big10W12,30,Big10,12,14074,0.5,0.5,14,7,7,322,322,0,,,0,0,0,0,0,0,14,7,7,322,322,0,14,7,7,322,322,0,0,0,0,0,0,0.0
2022,0,Big10W13,29,Big10,13,23354,0.5,0.5,14,7,7,326,326,0,,,0,0,0,0,0,0,14,7,7,326,326,0,14,7,7,326,326,0,0,0,0,0,0,0.0
2022,0,Big10W14,32,Big10,14,22307,0.5,0.5,2,1,1,65,65,0,,,0,0,0,0,0,0,2,1,1,65,65,0,2,1,1,65,65,0,0,0,0,0,0,0.0
2022,0,Big10W15,10,Big10,15,14642,,,0,0,0,0,0,0,,,0,0,0,0,0,0,0,0,0,0,0,0,0,0,0,0,0,0,0,0,0,0,0,0.0
2022,0,Big10W16,20,Big10,16,12466,,,0,0,0,0,0,0,,,0,0,0,0,0,0,0,0,0,0,0,0,0,0,0,0,0,0,0,0,0,0,0,0.0
2022,0,Big10W17,58,Big10,17,9463,,,0,0,0,0,0,0,,,0,0,0,0,0,0,0,0,0,0,0,0,0,0,0,0,0,0,0,0,0,0,0,0.0
2022,0,Big10W18,44,Big10,18,14565,0.444444444,0.555555556,9,5,4,227,245,-18,,0.555555556,9,5,4,227,245,-18,0,0,0,0,0,0,9,5,4,227,245,-18,0,0,0,0,0,0.0
2022,0,Big10W19,26,Big10,19,10979,,,0,0,0,0,0,0,,,0,0,0,0,0,0,0,0,0,0,0,0,0,0,0,0,0,0,0,0,0,0,0,0.0
2022,0,Big10W20,53,Big10,20,6653,,,0,0,0,0,0,0,,,0,0,0,0,0,0,0,0,0,0,0,0,0,0,0,0,0,0,0,0,0,0,0,0.0
2022,0,Big12W1,53,Big12,1,13548,0.1,0.9,10,9,1,488,158,330,,0.9,10,9,1,488,158,330,0,0,0,0,0,0,2,1,1,69,51,18,5,5,0,264,40,224.0
2022,0,Big12W2,43,Big12,2,12720,0.3,0.7,10,7,3,345,229,116,,0.75,8,6,2,248,132,116,2,1,1,97,97,0,6,4,2,200,153,47,1,1,0,59,17,42.0
2022,0,Big12W3,56,Big12,3,13652,0.222222222,0.777777778,9,7,2,375,139,236,,0.777777778,9,7,2,375,139,236,0,0,0,0,0,0,2,1,1,63,41,22,2,2,0,128,14,114.0
2022,0,Big12W4,53,Big12,4,12713,0.333333333,0.666666667,9,6,3,311,272,39,,1.0,3,3,0,110,71,39,6,3,3,201,201,0,8,5,3,269,238,31,0,0,0,0,0,0.0
2022,0,Big12W5,23,Big12,5,10378,0.5,0.5,10,5,5,288,288,0,,,0,0,0,0,0,0,10,5,5,288,288,0,10,5,5,288,288,0,0,0,0,0,0,0.0
2022,0,Big12W6,45,Big12,6,10360,0.5,0.5,8,4,4,209,209,0,,,0,0,0,0,0,0,8,4,4,209,209,0,8,4,4,209,209,0,0,0,0,0,0,0.0
2022,0,Big12W7,44,Big12,7,10125,0.333333333,0.666666667,9,6,3,311,272,39,,1.0,3,3,0,110,71,39,6,3,3,201,201,0,8,5,3,269,238,31,0,0,0,0,0,0.0
2022,0,Big12W8,14,Big12,8,7717,0.5,0.5,8,4,4,257,257,0,,,0,0,0,0,0,0,8,4,4,257,257,0,8,4,4,257,257,0,0,0,0,0,0,0.0
2022,0,Big12W9,6,Big12,9,8713,0.5,0.5,8,4,4,222,222,0,,,0,0,0,0,0,0,8,4,4,222,222,0,8,4,4,222,222,0,0,0,0,0,0,0.0
2022,0,Big12W10,73,Big12,10,8758,0.5,0.5,10,5,5,290,290,0,,,0,0,0,0,0,0,10,5,5,290,290,0,10,5,5,290,290,0,0,0,0,0,0,0.0
2022,0,Big12W11,39,Big12,11,8267,0.5,0.5,10,5,5,209,209,0,,,0,0,0,0,0,0,10,5,5,209,209,0,10,5,5,209,209,0,0,0,0,0,0,0.0
2022,0,Big12W12,24,Big12,12,8729,0.5,0.5,10,5,5,270,270,0,,,0,0,0,0,0,0,10,5,5,270,270,0,10,5,5,270,270,0,0,0,0,0,0,0.0
2022,0,Big12W13,43,Big12,13,7824,0.5,0.5,10,5,5,357,357,0,,,0,0,0,0,0,0,10,5,5,357,357,0,10,5,5,357,357,0,0,0,0,0,0,0.0
2022,0,Big12W14,62,Big12,14,9311,0.5,0.5,2,1,1,59,59,0,,,0,0,0,0,0,0,2,1,1,59,59,0,2,1,1,59,59,0,0,0,0,0,0,0.0
2022,0,Big12W15,53,Big12,15,7611,,,0,0,0,0,0,0,,,0,0,0,0,0,0,0,0,0,0,0,0,0,0,0,0,0,0,0,0,0,0,0,0.0
2022,0,Big12W16,19,Big12,16,8012,,,0,0,0,0,0,0,,,0,0,0,0,0,0,0,0,0,0,0,0,0,0,0,0,0,0,0,0,0,0,0,0.0
2022,0,Big12W17,73,Big12,17,6811,1.0,0.0,1,0,1,15,30,-15,,0.0,1,0,1,15,30,-15,0,0,0,0,0,0,0,0,0,0,0,0,0,0,0,0,0,0.0
2022,0,Big12W18,22,Big12,18,9900,0.714285714,0.285714286,7,2,5,235,256,-21,,0.285714286,7,2,5,235,256,-21,0,0,0,0,0,0,7,2,5,235,256,-21,0,0,0,0,0,0.0
2022,0,Big12W19,-1,Big12,19,5396,1.0,0.0,1,0,1,7,65,-58,,0.0,1,0,1,7,65,-58,0,0,0,0,0,0,1,0,1,7,65,-58,0,0,0,0,0,0.0
2022,0,Big12W20,56,Big12,20,6548,,,0,0,0,0,0,0,,,0,0,0,0,0,0,0,0,0,0,0,0,0,0,0,0,0,0,0,0,0,0,0,0.0
2022,0,Pac12W1,55,Pac12,1,9804,0.25,0.75,12,9,3,409,247,162,,0.75,12,9,3,409,247,162,0,0,0,0,0,0,3,0,3,42,116,-74,4,4,0,139,43,96.0
2022,0,Pac12W2,64,Pac12,2,6856,0.333333333,0.666666667,12,8,4,425,277,148,,0.7,10,7,3,356,208,148,2,1,1,69,69,0,5,2,3,120,156,-36,4,4,0,240,34,206.0
2022,0,Pac12W3,60,Pac12,3,6196,0.272727273,0.727272727,11,8,3,374,269,105,,0.727272727,11,8,3,374,269,105,0,0,0,0,0,0,2,1,1,46,77,-31,2,2,0,99,56,43.0
2022,0,Pac12W4,31,Pac12,4,7956,0.5,0.5,12,6,6,367,367,0,,,0,0,0,0,0,0,12,6,6,367,367,0,12,6,6,367,367,0,0,0,0,0,0,0.0
2022,0,Pac12W5,11,Pac12,5,7215,0.5,0.5,12,6,6,369,369,0,,,0,0,0,0,0,0,12,6,6,369,369,0,12,6,6,369,369,0,0,0,0,0,0,0.0
2022,0,Pac12W6,27,Pac12,6,6576,0.5,0.5,10,5,5,327,327,0,,,0,0,0,0,0,0,10,5,5,327,327,0,10,5,5,327,327,0,0,0,0,0,0,0.0
2022,0,Pac12W7,67,Pac12,7,5850,0.5,0.5,12,6,6,367,367,0,,,0,0,0,0,0,0,12,6,6,367,367,0,12,6,6,367,367,0,0,0,0,0,0,0.0
2022,0,Pac12W8,-33,Pac12,8,7881,0.5,0.5,8,4,4,204,204,0,,,0,0,0,0,0,0,8,4,4,204,204,0,8,4,4,204,204,0,0,0,0,0,0,0.0
2022,0,Pac12W9,47,Pac12,9,5323,0.5,0.5,10,5,5,313,313,0,,,0,0,0,0,0,0,10,5,5,313,313,0,10,5,5,313,313,0,0,0,0,0,0,0.0
2022,0,Pac12W10,84,Pac12,10,5558,0.5,0.5,12,6,6,397,397,0,,,0,0,0,0,0,0,12,6,6,397,397,0,12,6,6,397,397,0,0,0,0,0,0,0.0
2022,0,Pac12W11,73,Pac12,11,5788,0.5,0.5,12,6,6,348,348,0,,,0,0,0,0,0,0,12,6,6,348,348,0,12,6,6,348,348,0,0,0,0,0,0,0.0
2022,0,Pac12W12,40,Pac12,12,6819,0.5,0.5,12,6,6,327,327,0,,,0,0,0,0,0,0,12,6,6,327,327,0,12,6,6,327,327,0,0,0,0,0,0,0.0
2022,0,Pac12W13,-13,Pac12,13,7962,0.5,0.5,12,6,6,440,438,2,,0.5,2,1,1,64,62,2,10,5,5,376,376,0,10,5,5,376,376,0,0,0,0,0,0,0.0
2022,0,Pac12W14,40,Pac12,14,14481,0.5,0.5,2,1,1,71,71,0,,,0,0,0,0,0,0,2,1,1,71,71,0,2,1,1,71,71,0,0,0,0,0,0,0.0
2022,0,Pac12W15,74,Pac12,15,11175,,,0,0,0,0,0,0,,,0,0,0,0,0,0,0,0,0,0,0,0,0,0,0,0,0,0,0,0,0,0,0,0.0
2022,0,Pac12W16,62,Pac12,16,5497,0.5,0.5,2,1,1,36,32,4,,0.5,2,1,1,36,32,4,0,0,0,0,0,0,1,1,0,30,3,27,0,0,0,0,0,0.0
2022,0,Pac12W17,75,Pac12,17,7202,,,0,0,0,0,0,0,,,0,0,0,0,0,0,0,0,0,0,0,0,0,0,0,0,0,0,0,0,0,0,0,0.0
2022,0,Pac12W18,54,Pac12,18,4662,0.6,0.4,5,2,3,156,165,-9,,0.4,5,2,3,156,165,-9,0,0,0,0,0,0,4,2,2,111,119,-8,0,0,0,0,0,0.0
2022,0,Pac12W19,77,Pac12,19,4623,,,0,0,0,0,0,0,,,0,0,0,0,0,0,0,0,0,0,0,0,0,0,0,0,0,0,0,0,0,0,0,0.0
2022,0,Pac12W20,38,Pac12,20,3507,,,0,0,0,0,0,0,,,0,0,0,0,0,0,0,0,0,0,0,0,0,0,0,0,0,0,0,0,0,0,0,0.0
2022,0,SECW1,67,SEC,1,20719,0.066666667,0.933333333,15,14,1,625,228,397,,0.933333333,15,14,1,625,228,397,0,0,0,0,0,0,3,2,1,101,53,48,3,3,0,115,47,68.0
2022,0,SECW2,18,SEC,2,20043,0.357142857,0.642857143,14,9,5,441,317,124,,0.7,10,7,3,325,201,124,4,2,2,116,116,0,9,5,4,246,264,-18,3,3,0,157,20,137.0
2022,0,SECW3,50,SEC,3,17979,0.214285714,0.785714286,14,11,3,471,265,206,,0.9,10,9,1,369,163,206,4,2,2,102,102,0,7,4,3,173,152,21,3,3,0,103,44,59.0
2022,0,SECW4,17,SEC,4,18227,0.285714286,0.714285714,14,10,4,448,310,138,,1.0,6,6,0,244,106,138,8,4,4,204,204,0,8,4,4,204,204,0,0,0,0,0,0,0.0
2022,0,SECW5,40,SEC,5,15167,0.416666667,0.583333333,12,7,5,370,295,75,,1.0,2,2,0,102,27,75,10,5,5,268,268,0,10,5,5,268,268,0,2,2,0,102,27,75.0
2022,0,SECW6,25,SEC,6,17599,0.5,0.5,14,7,7,365,365,0,,,0,0,0,0,0,0,14,7,7,365,365,0,14,7,7,365,365,0,0,0,0,0,0,0.0
2022,0,SECW7,25,SEC,7,15604,0.285714286,0.714285714,14,10,4,448,310,138,,1.0,6,6,0,244,106,138,8,4,4,204,204,0,8,4,4,204,204,0,0,0,0,0,0,0.0
2022,0,SECW8,-19,SEC,8,17107,0.444444444,0.555555556,9,5,4,251,210,41,,1.0,1,1,0,65,24,41,8,4,4,186,186,0,8,4,4,186,186,0,1,1,0,65,24,41.0
2022,0,SECW9,-30,SEC,9,15641,0.5,0.5,10,5,5,272,272,0,,,0,0,0,0,0,0,10,5,5,272,272,0,10,5,5,272,272,0,0,0,0,0,0,0.0
2022,0,SECW10,30,SEC,10,19481,0.538461538,0.461538462,13,6,7,362,364,-2,,0.0,1,0,1,19,21,-2,12,6,6,343,343,0,12,6,6,343,343,0,0,0,0,0,0,0.0
2022,0,SECW11,14,SEC,11,16984,0.5,0.5,14,7,7,343,343,0,,,0,0,0,0,0,0,14,7,7,343,343,0,14,7,7,343,343,0,0,0,0,0,0,0.0
2022,0,SECW12,40,SEC,12,12127,0.285714286,0.714285714,14,10,4,484,298,186,,1.0,6,6,0,237,51,186,8,4,4,247,247,0,8,4,4,247,247,0,2,2,0,90,7,83.0
2022,0,SECW13,44,SEC,13,14702,0.428571429,0.571428571,14,8,6,427,397,30,,0.75,4,3,1,132,102,30,10,5,5,295,295,0,14,8,6,427,397,30,0,0,0,0,0,0.0
2022,0,SECW14,44,SEC,14,16036,0.5,0.5,2,1,1,80,80,0,,,0,0,0,0,0,0,2,1,1,80,80,0,2,1,1,80,80,0,0,0,0,0,0,0.0
2022,0,SECW15,63,SEC,15,13616,,,0,0,0,0,0,0,,,0,0,0,0,0,0,0,0,0,0,0,0,0,0,0,0,0,0,0,0,0,0,0,0.0
2022,0,SECW16,-62,SEC,16,23179,1.0,0.0,1,0,1,3,30,-27,,0.0,1,0,1,3,30,-27,0,0,0,0,0,0,1,0,1,3,30,-27,0,0,0,0,0,0.0
2022,0,SECW17,69,SEC,17,13335,1.0,0.0,1,0,1,17,27,-10,,0.0,1,0,1,17,27,-10,0,0,0,0,0,0,1,0,1,17,27,-10,0,0,0,0,0,0.0
2022,0,SECW18,28,SEC,18,9966,0.333333333,0.666666667,9,6,3,318,253,65,,0.666666667,9,6,3,318,253,65,0,0,0,0,0,0,8,6,2,280,208,72,0,0,0,0,0,0.0
2022,0,SECW19,71,SEC,19,10770,0.0,1.0,1,1,0,65,7,58,,1.0,1,1,0,65,7,58,0,0,0,0,0,0,1,1,0,65,7,58,0,0,0,0,0,0.0
2022,0,SECW20,65,SEC,20,11541,,,0,0,0,0,0,0,,,0,0,0,0,0,0,0,0,0,0,0,0,0,0,0,0,0,0,0,0,0,0,0,0.0
2023,0,ACCW1,35,ACC,1,13788,0.25,0.75,16,12,4,564,289,275,,0.846153846,13,11,2,495,215,280,3,1,2,69,74,-5,7,4,3,197,198,-1,4,4,0,203,27,176.0
2023,0,ACCW2,39,ACC,2,22540,0.266666667,0.733333333,15,11,4,623,328,295,,0.785714286,14,11,3,599,283,316,1,0,1,24,45,-21,6,3,3,191,173,18,5,5,0,243,65,178.0
2023,0,ACCW3,58,ACC,3,11423,0.333333333,0.666666667,15,10,5,453,332,121,,0.642857143,14,9,5,422,303,119,1,1,0,31,29,2,10,5,5,244,263,-19,2,2,0,93,14,79.0
2023,0,ACCW4,62,ACC,4,13185,0.466666667,0.533333333,15,8,7,437,366,71,,0.555555556,9,5,4,280,212,68,6,3,3,157,154,3,11,5,6,309,312,-3,0,0,0,0,0,0.0
2023,0,ACCW5,57,ACC,5,11718,0.545454545,0.454545455,11,5,6,240,251,-11,,0.571428571,7,4,3,161,176,-15,4,1,3,79,75,4,10,5,5,213,213,0,0,0,0,0,0,0.0
2023,0,ACCW6,37,ACC,6,10067,0.384615385,0.615384615,13,8,5,330,306,24,,0.555555556,9,5,4,222,253,-31,4,3,1,108,53,55,10,5,5,228,228,0,1,1,0,27,13,14.0
2023,0,ACCW7,8,ACC,7,9443,0.466666667,0.533333333,15,8,7,437,366,71,,0.555555556,9,5,4,280,212,68,6,3,3,157,154,3,11,5,6,309,312,-3,0,0,0,0,0,0.0
2023,0,ACCW8,57,ACC,8,9773,0.5,0.5,10,5,5,263,263,0,,0.5,4,2,2,106,102,4,6,3,3,157,161,-4,10,5,5,263,263,0,0,0,0,0,0,0.0
2023,0,ACCW9,-12,ACC,9,10240,0.466666667,0.533333333,15,8,7,398,391,7,,0.75,8,6,2,232,195,37,7,2,5,166,196,-30,14,7,7,377,377,0,0,0,0,0,0,0.0
2023,0,ACCW10,33,ACC,10,10753,0.466666667,0.533333333,15,8,7,341,289,52,,0.444444444,9,4,5,204,163,41,6,4,2,137,126,11,14,7,7,282,282,0,1,1,0,59,7,52.0
2023,0,ACCW11,16,ACC,11,9649,0.5,0.5,14,7,7,400,400,0,,0.428571429,7,3,4,183,204,-21,7,4,3,217,196,21,14,7,7,400,400,0,0,0,0,0,0,0.0
2023,0,ACCW12,43,ACC,12,9822,0.466666667,0.533333333,15,8,7,443,398,45,,0.555555556,9,5,4,293,217,76,6,3,3,150,181,-31,14,7,7,385,385,0,1,1,0,58,13,45.0
2023,0,ACCW13,59,ACC,13,14174,0.466666667,0.533333333,15,8,7,461,425,36,,0.6,10,6,4,324,257,67,5,2,3,137,168,-31,15,8,7,461,425,36,0,0,0,0,0,0.0
2023,0,ACCW14,61,ACC,14,16619,0.5,0.5,2,1,1,22,22,0,,0.0,1,0,1,6,16,-10,1,1,0,16,6,10,2,1,1,22,22,0,0,0,0,0,0,0.0
2023,0,ACCW15,49,ACC,15,14098,,,0,0,0,0,0,0,,,0,0,0,0,0,0,0,0,0,0,0,0,0,0,0,0,0,0,0,0,0,0,0,0.0
2023,0,ACCW16,54,ACC,16,10806,,,0,0,0,0,0,0,,,0,0,0,0,0,0,0,0,0,0,0,0,0,0,0,0,0,0,0,0,0,0,0,0.0
2023,0,ACCW17,19,ACC,17,14253,0.333333333,0.666666667,3,2,1,47,72,-25,,0.666666667,3,2,1,47,72,-25,0,0,0,0,0,0,1,1,0,30,17,13,0,0,0,0,0,0.0
2023,0,ACCW18,56,ACC,18,12292,0.555555556,0.444444444,9,4,5,226,271,-45,,0.444444444,9,4,5,226,271,-45,0,0,0,0,0,0,6,2,4,134,195,-61,0,0,0,0,0,0.0
2023,0,ACCW19,45,ACC,19,8056,,,0,0,0,0,0,0,,,0,0,0,0,0,0,0,0,0,0,0,0,0,0,0,0,0,0,0,0,0,0,0,0.0
2023,0,ACCW20,60,ACC,20,8695,,,0,0,0,0,0,0,,,0,0,0,0,0,0,0,0,0,0,0,0,0,0,0,0,0,0,0,0,0,0,0,0.0
2023,0,Big10W1,40,Big10,1,27897,0.285714286,0.714285714,14,10,4,344,209,135,,0.875,8,7,1,264,129,135,6,3,3,80,80,0,7,4,3,118,95,23,1,1,0,38,6,32.0
2023,0,Big10W2,33,Big10,2,26867,0.214285714,0.785714286,14,11,3,459,213,246,,0.785714286,14,11,3,459,213,246,0,0,0,0,0,0,5,2,3,103,131,-28,4,4,0,184,35,149.0
2023,0,Big10W3,48,Big10,3,29719,0.428571429,0.571428571,14,8,6,393,290,103,,0.583333333,12,7,5,350,247,103,2,1,1,43,43,0,9,3,6,188,239,-51,0,0,0,0,0,0.0
2023,0,Big10W4,38,Big10,4,17221,0.357142857,0.642857143,14,9,5,332,307,25,,1.0,4,4,0,97,72,25,10,5,5,235,235,0,10,5,5,235,235,0,0,0,0,0,0,0.0
2023,0,Big10W5,36,Big10,5,16319,0.416666667,0.583333333,12,7,5,359,299,60,,1.0,2,2,0,87,27,60,10,5,5,272,272,0,10,5,5,272,272,0,1,1,0,52,3,49.0
2023,0,Big10W6,35,Big10,6,17521,0.454545455,0.545454545,11,6,5,237,234,3,,1.0,1,1,0,23,20,3,10,5,5,214,214,0,10,5,5,214,214,0,1,1,0,23,20,3.0
2023,0,Big10W7,21,Big10,7,15785,0.357142857,0.642857143,14,9,5,332,307,25,,1.0,4,4,0,97,72,25,10,5,5,235,235,0,10,5,5,235,235,0,0,0,0,0,0,0.0
2023,0,Big10W8,13,Big10,8,27459,0.5,0.5,12,6,6,220,220,0,,,0,0,0,0,0,0,12,6,6,220,220,0,12,6,6,220,220,0,0,0,0,0,0,0.0
2023,0,Big10W9,-16,Big10,9,26321,0.5,0.5,10,5,5,235,235,0,,,0,0,0,0,0,0,10,5,5,235,235,0,10,5,5,235,235,0,0,0,0,0,0,0.0
2023,0,Big10W10,2,Big10,10,24849,0.5,0.5,14,7,7,312,312,0,,,0,0,0,0,0,0,14,7,7,312,312,0,14,7,7,312,312,0,0,0,0,0,0,0.0
2023,0,Big10W11,5,Big10,11,33758,0.5,0.5,14,7,7,331,331,0,,,0,0,0,0,0,0,14,7,7,331,331,0,14,7,7,331,331,0,0,0,0,0,0,0.0
2023,0,Big10W12,13,Big10,12,25204,0.5,0.5,14,7,7,280,280,0,,,0,0,0,0,0,0,14,7,7,280,280,0,14,7,7,280,280,0,0,0,0,0,0,0.0
2023,0,Big10W13,39,Big10,13,29555,0.5,0.5,14,7,7,381,381,0,,,0,0,0,0,0,0,14,7,7,381,381,0,14,7,7,381,381,0,0,0,0,0,0,0.0
2023,0,Big10W14,56,Big10,14,20614,0.5,0.5,2,1,1,26,26,0,,,0,0,0,0,0,0,2,1,1,26,26,0,2,1,1,26,26,0,0,0,0,0,0,0.0
2023,0,Big10W15,36,Big10,15,18662,,,0,0,0,0,0,0,,,0,0,0,0,0,0,0,0,0,0,0,0,0,0,0,0,0,0,0,0,0,0,0,0.0
2023,0,Big10W16,18,Big10,16,12807,,,0,0,0,0,0,0,,,0,0,0,0,0,0,0,0,0,0,0,0,0,0,0,0,0,0,0,0,0,0,0,0.0
2023,0,Big10W17,50,Big10,17,16420,0.0,1.0,1,1,0,14,7,7,,1.0,1,1,0,14,7,7,0,0,0,0,0,0,1,1,0,14,7,7,0,0,0,0,0,0.0
2023,0,Big10W18,35,Big10,18,18886,0.4,0.6,5,3,2,120,113,7,,0.6,5,3,2,120,113,7,0,0,0,0,0,0,4,2,2,90,89,1,0,0,0,0,0,0.0
2023,0,Big10W19,49,Big10,19,32372,0.666666667,0.333333333,3,1,2,58,90,-32,,0.333333333,3,1,2,58,90,-32,0,0,0,0,0,0,3,1,2,58,90,-32,0,0,0,0,0,0.0
2023,0,Big10W20,82,Big10,20,46255,0.0,1.0,1,1,0,34,13,21,,1.0,1,1,0,34,13,21,0,0,0,0,0,0,1,1,0,34,13,21,0,0,0,0,0,0.0
2023,0,Big12W1,78,Big12,1,18390,0.285714286,0.714285714,14,10,4,534,242,292,,0.714285714,14,10,4,534,242,292,0,0,0,0,0,0,2,0,2,57,83,-26,5,5,0,216,52,164.0
2023,0,Big12W2,36,Big12,2,39579,0.285714286,0.714285714,14,10,4,445,283,162,,0.714285714,14,10,4,445,283,162,0,0,0,0,0,0,7,4,3,178,161,17,3,3,0,138,39,99.0
2023,0,Big12W3,44,Big12,3,36887,0.357142857,0.642857143,14,9,5,416,265,151,,0.666666667,12,8,4,367,216,151,2,1,1,49,49,0,5,3,2,131,116,15,3,3,0,119,24,95.0
2023,0,Big12W4,61,Big12,4,13402,0.428571429,0.571428571,14,8,6,376,328,48,,1.0,2,2,0,72,24,48,12,6,6,304,304,0,12,6,6,304,304,0,0,0,0,0,0,0.0
2023,0,Big12W5,38,Big12,5,13287,0.5,0.5,12,6,6,379,379,0,,,0,0,0,0,0,0,12,6,6,379,379,0,12,6,6,379,379,0,0,0,0,0,0,0.0
2023,0,Big12W6,55,Big12,6,11895,0.5,0.5,10,5,5,281,281,0,,,0,0,0,0,0,0,10,5,5,281,281,0,10,5,5,281,281,0,0,0,0,0,0,0.0
2023,0,Big12W7,27,Big12,7,11951,0.428571429,0.571428571,14,8,6,376,328,48,,1.0,2,2,0,72,24,48,12,6,6,304,304,0,12,6,6,304,304,0,0,0,0,0,0,0.0
2023,0,Big12W8,40,Big12,8,9182,0.5,0.5,12,6,6,343,343,0,,,0,0,0,0,0,0,12,6,6,343,343,0,12,6,6,343,343,0,0,0,0,0,0,0.0
2023,0,Big12W9,38,Big12,9,12962,0.5,0.5,12,6,6,328,328,0,,,0,0,0,0,0,0,12,6,6,328,328,0,12,6,6,328,328,0,0,0,0,0,0,0.0
2023,0,Big12W10,37,Big12,10,11794,0.5,0.5,14,7,7,373,373,0,,,0,0,0,0,0,0,14,7,7,373,373,0,14,7,7,373,373,0,0,0,0,0,0,0.0
2023,0,Big12W11,33,Big12,11,13921,0.5,0.5,14,7,7,391,391,0,,,0,0,0,0,0,0,14,7,7,391,391,0,14,7,7,391,391,0,0,0,0,0,0,0.0
2023,0,Big12W12,45,Big12,12,12941,0.5,0.5,14,7,7,397,397,0,,,0,0,0,0,0,0,14,7,7,397,397,0,14,7,7,397,397,0,0,0,0,0,0,0.0
2023,0,Big12W13,59,Big12,13,13959,0.5,0.5,14,7,7,499,499,0,,,0,0,0,0,0,0,14,7,7,499,499,0,14,7,7,499,499,0,0,0,0,0,0,0.0
2023,0,Big12W14,56,Big12,14,14162,0.5,0.5,2,1,1,70,70,0,,,0,0,0,0,0,0,2,1,1,70,70,0,2,1,1,70,70,0,0,0,0,0,0,0.0
2023,0,Big12W15,73,Big12,15,13246,,,0,0,0,0,0,0,,,0,0,0,0,0,0,0,0,0,0,0,0,0,0,0,0,0,0,0,0,0,0,0,0.0
2023,0,Big12W16,67,Big12,16,11617,0.0,1.0,1,1,0,34,14,20,,1.0,1,1,0,34,14,20,0,0,0,0,0,0,1,1,0,34,14,20,0,0,0,0,0,0.0
2023,0,Big12W17,87,Big12,17,10885,1.0,0.0,1,0,1,17,30,-13,,0.0,1,0,1,17,30,-13,0,0,0,0,0,0,1,0,1,17,30,-13,0,0,0,0,0,0.0
2023,0,Big12W18,69,Big12,18,9826,0.333333333,0.666666667,6,4,2,188,162,26,,0.666666667,6,4,2,188,162,26,0,0,0,0,0,0,4,3,1,113,90,23,0,0,0,0,0,0.0
2023,0,Big12W19,61,Big12,19,8801,1.0,0.0,1,0,1,31,37,-6,,0.0,1,0,1,31,37,-6,0,0,0,0,0,0,1,0,1,31,37,-6,0,0,0,0,0,0.0
2023,0,Big12W20,69,Big12,20,7003,,,0,0,0,0,0,0,,,0,0,0,0,0,0,0,0,0,0,0,0,0,0,0,0,0,0,0,0,0,0,0,0.0
2023,0,Pac12W1,75,Pac12,1,21706,0.0,1.0,13,13,0,604,244,360,,1.0,13,13,0,604,244,360,0,0,0,0,0,0,2,2,0,69,53,16,3,3,0,143,31,112.0
2023,0,Pac12W2,53,Pac12,2,21573,0.333333333,0.666666667,12,8,4,373,244,129,,0.7,10,7,3,307,178,129,2,1,1,66,66,0,9,5,4,240,217,23,1,1,0,55,7,48.0
2023,0,Pac12W3,53,Pac12,3,15639,0.181818182,0.818181818,11,9,2,404,182,222,,0.818181818,11,9,2,404,182,222,0,0,0,0,0,0,1,1,0,41,7,34,5,4,1,208,82,126.0
2023,0,Pac12W4,58,Pac12,4,29948,0.5,0.5,12,6,6,344,344,0,,,0,0,0,0,0,0,12,6,6,344,344,0,12,6,6,344,344,0,0,0,0,0,0,0.0
2023,0,Pac12W5,31,Pac12,5,19183,0.5,0.5,10,5,5,265,265,0,,,0,0,0,0,0,0,10,5,5,265,265,0,10,5,5,265,265,0,0,0,0,0,0,0.0
2023,0,Pac12W6,79,Pac12,6,11538,0.5,0.5,8,4,4,269,269,0,,,0,0,0,0,0,0,8,4,4,269,269,0,8,4,4,269,269,0,0,0,0,0,0,0.0
2023,0,Pac12W7,41,Pac12,7,12190,0.5,0.5,12,6,6,344,344,0,,,0,0,0,0,0,0,12,6,6,344,344,0,12,6,6,344,344,0,0,0,0,0,0,0.0
2023,0,Pac12W8,37,Pac12,8,10280,0.5,0.5,8,4,4,199,199,0,,,0,0,0,0,0,0,8,4,4,199,199,0,8,4,4,199,199,0,0,0,0,0,0,0.0
2023,0,Pac12W9,19,Pac12,9,17821,0.5,0.5,12,6,6,375,375,0,,,0,0,0,0,0,0,12,6,6,375,375,0,12,6,6,375,375,0,0,0,0,0,0,0.0
2023,0,Pac12W10,39,Pac12,10,15816,0.5,0.5,12,6,6,333,333,0,,,0,0,0,0,0,0,12,6,6,333,333,0,12,6,6,333,333,0,0,0,0,0,0,0.0
2023,0,Pac12W11,44,Pac12,11,11014,0.5,0.5,12,6,6,375,375,0,,,0,0,0,0,0,0,12,6,6,375,375,0,12,6,6,375,375,0,0,0,0,0,0,0.0
2023,0,Pac12W12,24,Pac12,12,12523,0.5,0.5,12,6,6,334,334,0,,,0,0,0,0,0,0,12,6,6,334,334,0,12,6,6,334,334,0,0,0,0,0,0,0.0
2023,0,Pac12W13,47,Pac12,13,11379,0.545454545,0.454545455,11,5,6,268,301,-33,,0.0,1,0,1,23,56,-33,10,5,5,245,245,0,10,5,5,245,245,0,0,0,0,0,0,0.0
2023,0,Pac12W14,34,Pac12,14,11835,0.5,0.5,2,1,1,65,65,0,,,0,0,0,0,0,0,2,1,1,65,65,0,2,1,1,65,65,0,0,0,0,0,0,0.0
2023,0,Pac12W15,65,Pac12,15,8910,,,0,0,0,0,0,0,,,0,0,0,0,0,0,0,0,0,0,0,0,0,0,0,0,0,0,0,0,0,0,0,0.0
2023,0,Pac12W16,68,Pac12,16,7516,0.5,0.5,2,1,1,49,56,-7,,0.5,2,1,1,49,56,-7,0,0,0,0,0,0,1,0,1,14,34,-20,0,0,0,0,0,0.0
2023,0,Pac12W17,53,Pac12,17,10339,1.0,0.0,1,0,1,7,14,-7,,0.0,1,0,1,7,14,-7,0,0,0,0,0,0,1,0,1,7,14,-7,0,0,0,0,0,0.0
2023,0,Pac12W18,38,Pac12,18,6926,0.333333333,0.666666667,3,2,1,88,92,-4,,0.666666667,3,2,1,88,92,-4,0,0,0,0,0,0,2,2,0,80,52,28,0,0,0,0,0,0.0
2023,0,Pac12W19,49,Pac12,19,8038,0.0,1.0,2,2,0,82,37,45,,1.0,2,2,0,82,37,45,0,0,0,0,0,0,1,1,0,37,31,6,0,0,0,0,0,0.0
2023,0,Pac12W20,53,Pac12,20,10358,1.0,0.0,1,0,1,13,34,-21,,0.0,1,0,1,13,34,-21,0,0,0,0,0,0,1,0,1,13,34,-21,0,0,0,0,0,0.0
2023,0,SECW1,57,SEC,1,26959,0.2,0.8,15,12,3,654,243,411,,0.8,15,12,3,654,243,411,0,0,0,0,0,0,4,1,3,101,113,-12,6,6,0,307,57,250.0
2023,0,SECW2,25,SEC,2,20499,0.214285714,0.785714286,14,11,3,481,268,213,,0.785714286,14,11,3,481,268,213,0,0,0,0,0,0,5,2,3,122,152,-30,5,5,0,226,68,158.0
2023,0,SECW3,42,SEC,3,26191,0.357142857,0.642857143,14,9,5,428,288,140,,0.75,8,6,2,290,150,140,6,3,3,138,138,0,9,5,4,247,226,21,1,1,0,45,13,32.0
2023,0,SECW4,47,SEC,4,19632,0.357142857,0.642857143,14,9,5,426,345,81,,1.0,4,4,0,150,69,81,10,5,5,276,276,0,10,5,5,276,276,0,0,0,0,0,0,0.0
2023,0,SECW5,43,SEC,5,16230,0.5,0.5,14,7,7,431,431,0,,,0,0,0,0,0,0,14,7,7,431,431,0,14,7,7,431,431,0,0,0,0,0,0,0.0
2023,0,SECW6,29,SEC,6,18769,0.454545455,0.545454545,11,6,5,338,325,13,,1.0,1,1,0,41,28,13,10,5,5,297,297,0,10,5,5,297,297,0,0,0,0,0,0,0.0
2023,0,SECW7,38,SEC,7,14991,0.357142857,0.642857143,14,9,5,426,345,81,,1.0,4,4,0,150,69,81,10,5,5,276,276,0,10,5,5,276,276,0,0,0,0,0,0,0.0
2023,0,SECW8,44,SEC,8,14847,0.444444444,0.555555556,9,5,4,221,159,62,,1.0,1,1,0,62,0,62,8,4,4,159,159,0,8,4,4,159,159,0,0,0,0,0,0,0.0
2023,0,SECW9,40,SEC,9,14658,0.5,0.5,10,5,5,250,250,0,,,0,0,0,0,0,0,10,5,5,250,250,0,10,5,5,250,250,0,0,0,0,0,0,0.0
2023,0,SECW10,43,SEC,10,15171,0.428571429,0.571428571,14,8,6,439,373,66,,1.0,2,2,0,97,31,66,12,6,6,342,342,0,12,6,6,342,342,0,0,0,0,0,0,0.0
2023,0,SECW11,43,SEC,11,17313,0.5,0.5,14,7,7,441,441,0,,,0,0,0,0,0,0,14,7,7,441,441,0,14,7,7,441,441,0,0,0,0,0,0,0.0
2023,0,SECW12,19,SEC,12,17948,0.285714286,0.714285714,14,10,4,475,268,207,,0.875,8,7,1,332,125,207,6,3,3,143,143,0,7,4,3,185,160,25,2,2,0,104,20,84.0
2023,0,SECW13,31,SEC,13,25287,0.571428571,0.428571429,14,6,8,369,420,-51,,0.4,5,2,3,136,163,-27,9,4,5,233,257,-24,14,6,8,369,420,-51,0,0,0,0,0,0.0
2023,0,SECW14,57,SEC,14,36970,0.5,0.5,2,1,1,51,51,0,,,0,0,0,0,0,0,2,1,1,51,51,0,2,1,1,51,51,0,0,0,0,0,0,0.0
2023,0,SECW15,55,SEC,15,18923,,,0,0,0,0,0,0,,,0,0,0,0,0,0,0,0,0,0,0,0,0,0,0,0,0,0,0,0,0,0,0,0.0
2023,0,SECW16,71,SEC,16,16387,,,0,0,0,0,0,0,,,0,0,0,0,0,0,0,0,0,0,0,0,0,0,0,0,0,0,0,0,0,0,0,0.0
2023,0,SECW17,47,SEC,17,21195,,,0,0,0,0,0,0,,,0,0,0,0,0,0,0,0,0,0,0,0,0,0,0,0,0,0,0,0,0,0,0,0.0
2023,0,SECW18,39,SEC,18,17664,0.5,0.5,6,3,3,186,131,55,,0.5,6,3,3,186,131,55,0,0,0,0,0,0,6,3,3,186,131,55,0,0,0,0,0,0.0
2023,0,SECW19,57,SEC,19,20306,0.5,0.5,2,1,1,55,58,-3,,0.5,2,1,1,55,58,-3,0,0,0,0,0,0,2,1,1,55,58,-3,0,0,0,0,0,0.0
2023,0,SECW20,41,SEC,20,36562,,,0,0,0,0,0,0,,,0,0,0,0,0,0,0,0,0,0,0,0,0,0,0,0,0,0,0,0,0,0,0,0.0
